Time,TIME,SIGNAL
2013-05-17 09:34:18,2013-05-17 09:34:18.900,1.0
2013-05-17 09:34:19,2013-05-17 09:34:19.900,1.0
2013-05-17 09:34:20,2013-05-17 09:34:20.900,1.0
2013-05-17 09:34:21,2013-05-17 09:34:21.900,1.0
2013-05-17 09:34:22,2013-05-17 09:34:22.900,1.0
2013-05-17 09:34:23,2013-05-17 09:34:23.900,1.0
2013-05-17 09:34:24,2013-05-17 09:34:24.900,1.0
2013-05-17 09:34:25,2013-05-17 09:34:25.900,1.0
2013-05-17 09:34:26,2013-05-17 09:34:26.900,1.0
2013-05-17 09:34:27,2013-05-17 09:34:27.900,1.0
2013-05-17 09:34:28,2013-05-17 09:34:28.900,1.0
2013-05-17 09:34:29,2013-05-17 09:34:29.900,1.0
2013-05-17 09:34:30,2013-05-17 09:34:30.900,1.0
2013-05-17 09:34:31,2013-05-17 09:34:31.900,1.0
2013-05-17 09:34:32,2013-05-17 09:34:32.900,1.0
2013-05-17 09:34:33,2013-05-17 09:34:33.900,1.0
2013-05-17 09:34:34,2013-05-17 09:34:34.900,1.0
2013-05-17 09:34:35,2013-05-17 09:34:35.900,1.0
2013-05-17 09:34:36,2013-05-17 09:34:36.900,1.0
2013-05-17 09:34:37,2013-05-17 09:34:37.900,1.0
2013-05-17 09:34:38,2013-05-17 09:34:38.900,1.0
2013-05-17 09:34:39,2013-05-17 09:34:39.900,1.0
2013-05-17 09:34:40,2013-05-17 09:34:40.900,1.0
2013-05-17 09:34:41,2013-05-17 09:34:41.900,1.0
2013-05-17 09:34:42,2013-05-17 09:34:42.900,1.0
2013-05-17 09:35:48,2013-05-17 09:35:48.900,1.0
2013-05-17 09:35:49,2013-05-17 09:35:49.900,1.0
2013-05-17 09:35:50,2013-05-17 09:35:50.900,1.0
2013-05-17 09:35:51,2013-05-17 09:35:51.900,1.0
2013-05-17 09:35:52,2013-05-17 09:35:52.900,1.0
2013-05-17 09:35:53,2013-05-17 09:35:53.900,1.0
2013-05-17 09:35:54,2013-05-17 09:35:54.900,1.0
2013-05-17 09:35:55,2013-05-17 09:35:55.900,1.0
2013-05-17 09:35:56,2013-05-17 09:35:56.900,1.0
2013-05-17 09:35:57,2013-05-17 09:35:57.900,1.0
2013-05-17 09:35:58,2013-05-17 09:35:58.900,1.0
2013-05-17 09:35:59,2013-05-17 09:35:59.900,1.0
2013-05-17 09:36:00,2013-05-17 09:36:00.900,1.0
2013-05-17 09:36:01,2013-05-17 09:36:01.900,1.0
2013-05-17 09:36:02,2013-05-17 09:36:02.900,1.0
2013-05-17 09:36:03,2013-05-17 09:36:03.900,1.0
2013-05-17 09:36:04,2013-05-17 09:36:04.900,1.0
2013-05-17 09:36:05,2013-05-17 09:36:05.900,1.0
2013-05-17 09:36:06,2013-05-17 09:36:06.900,1.0
2013-05-17 09:45:03,2013-05-17 09:45:03.900,-1.0
2013-05-17 09:45:04,2013-05-17 09:45:04.900,-1.0
2013-05-17 09:45:05,2013-05-17 09:45:05.900,-1.0
2013-05-17 09:45:06,2013-05-17 09:45:06.900,-1.0
2013-05-17 09:45:07,2013-05-17 09:45:07.900,-1.0
2013-05-17 09:45:08,2013-05-17 09:45:08.900,-1.0
2013-05-17 09:45:09,2013-05-17 09:45:09.900,-1.0
2013-05-17 09:45:10,2013-05-17 09:45:10.900,-1.0
2013-05-17 09:45:11,2013-05-17 09:45:11.900,-1.0
2013-05-17 09:45:12,2013-05-17 09:45:12.900,-1.0
2013-05-17 09:45:13,2013-05-17 09:45:13.900,-1.0
2013-05-17 09:45:14,2013-05-17 09:45:14.900,-1.0
2013-05-17 09:45:15,2013-05-17 09:45:15.900,-1.0
2013-05-17 09:45:16,2013-05-17 09:45:16.900,-1.0
2013-05-17 09:45:17,2013-05-17 09:45:17.900,-1.0
2013-05-17 09:45:18,2013-05-17 09:45:18.900,-1.0
2013-05-17 09:45:19,2013-05-17 09:45:19.900,-1.0
2013-05-17 09:45:20,2013-05-17 09:45:20.900,-1.0
2013-05-17 09:45:21,2013-05-17 09:45:21.900,-1.0
2013-05-17 09:45:22,2013-05-17 09:45:22.900,-1.0
2013-05-17 09:45:23,2013-05-17 09:45:23.900,-1.0
2013-05-17 09:45:24,2013-05-17 09:45:24.900,-1.0
2013-05-17 09:45:25,2013-05-17 09:45:25.900,-1.0
2013-05-17 09:45:26,2013-05-17 09:45:26.900,-1.0
2013-05-17 09:45:27,2013-05-17 09:45:27.900,-1.0
2013-05-17 09:45:28,2013-05-17 09:45:28.900,-1.0
2013-05-17 09:45:29,2013-05-17 09:45:29.900,-1.0
2013-05-17 09:45:30,2013-05-17 09:45:30.900,-1.0
2013-05-17 09:50:34,2013-05-17 09:50:34.900,-1.0
2013-05-17 09:50:35,2013-05-17 09:50:35.900,-1.0
2013-05-17 09:50:36,2013-05-17 09:50:36.900,-1.0
2013-05-17 09:50:37,2013-05-17 09:50:37.900,-1.0
2013-05-17 09:50:38,2013-05-17 09:50:38.900,-1.0
2013-05-17 09:50:39,2013-05-17 09:50:39.900,-1.0
2013-05-17 09:50:40,2013-05-17 09:50:40.900,-1.0
2013-05-17 09:52:15,2013-05-17 09:52:15.900,1.0
2013-05-17 09:52:16,2013-05-17 09:52:16.900,1.0
2013-05-17 09:52:17,2013-05-17 09:52:17.900,1.0
2013-05-17 09:52:18,2013-05-17 09:52:18.900,1.0
2013-05-17 09:52:19,2013-05-17 09:52:19.900,1.0
2013-05-17 09:52:20,2013-05-17 09:52:20.900,1.0
2013-05-17 09:52:21,2013-05-17 09:52:21.900,1.0
2013-05-17 09:52:22,2013-05-17 09:52:22.900,1.0
2013-05-17 09:52:23,2013-05-17 09:52:23.900,1.0
2013-05-17 09:52:24,2013-05-17 09:52:24.900,1.0
2013-05-17 09:52:25,2013-05-17 09:52:25.900,1.0
2013-05-17 09:52:26,2013-05-17 09:52:26.900,1.0
2013-05-17 09:52:27,2013-05-17 09:52:27.900,1.0
2013-05-17 09:52:28,2013-05-17 09:52:28.900,1.0
2013-05-17 09:52:29,2013-05-17 09:52:29.900,1.0
2013-05-17 09:52:30,2013-05-17 09:52:30.900,1.0
2013-05-17 09:52:31,2013-05-17 09:52:31.900,1.0
2013-05-17 09:52:32,2013-05-17 09:52:32.900,1.0
2013-05-17 09:52:33,2013-05-17 09:52:33.900,1.0
2013-05-17 09:55:05,2013-05-17 09:55:05.900,-1.0
2013-05-17 09:55:06,2013-05-17 09:55:06.900,-1.0
2013-05-17 09:55:07,2013-05-17 09:55:07.900,-1.0
2013-05-17 09:55:08,2013-05-17 09:55:08.900,-1.0
2013-05-17 09:55:09,2013-05-17 09:55:09.900,-1.0
2013-05-17 09:55:10,2013-05-17 09:55:10.900,-1.0
2013-05-17 09:55:11,2013-05-17 09:55:11.900,-1.0
2013-05-17 09:55:12,2013-05-17 09:55:12.900,-1.0
2013-05-17 09:55:13,2013-05-17 09:55:13.900,-1.0
2013-05-17 09:55:14,2013-05-17 09:55:14.900,-1.0
2013-05-17 09:55:15,2013-05-17 09:55:15.900,-1.0
2013-05-17 09:55:16,2013-05-17 09:55:16.900,-1.0
2013-05-17 09:55:17,2013-05-17 09:55:17.900,-1.0
2013-05-17 09:55:18,2013-05-17 09:55:18.900,-1.0
2013-05-17 09:55:19,2013-05-17 09:55:19.900,-1.0
2013-05-17 09:55:20,2013-05-17 09:55:20.900,-1.0
2013-05-17 09:55:21,2013-05-17 09:55:21.900,-1.0
2013-05-17 09:55:22,2013-05-17 09:55:22.900,-1.0
2013-05-17 09:55:23,2013-05-17 09:55:23.900,-1.0
2013-05-17 09:55:24,2013-05-17 09:55:24.900,-1.0
2013-05-17 09:55:25,2013-05-17 09:55:25.900,-1.0
2013-05-17 09:55:26,2013-05-17 09:55:26.900,-1.0
2013-05-17 09:55:27,2013-05-17 09:55:27.900,-1.0
2013-05-17 09:55:28,2013-05-17 09:55:28.900,-1.0
2013-05-17 09:55:29,2013-05-17 09:55:29.900,-1.0
2013-05-17 09:55:30,2013-05-17 09:55:30.900,-1.0
2013-05-17 09:55:31,2013-05-17 09:55:31.900,-1.0
2013-05-17 09:55:32,2013-05-17 09:55:32.900,-1.0
2013-05-17 09:55:33,2013-05-17 09:55:33.900,-1.0
2013-05-17 09:55:34,2013-05-17 09:55:34.900,-1.0
2013-05-17 09:55:35,2013-05-17 09:55:35.900,-1.0
2013-05-17 09:55:36,2013-05-17 09:55:36.900,-1.0
2013-05-17 09:55:37,2013-05-17 09:55:37.900,-1.0
2013-05-17 09:55:38,2013-05-17 09:55:38.900,-1.0
2013-05-17 09:55:39,2013-05-17 09:55:39.900,-1.0
2013-05-17 09:55:40,2013-05-17 09:55:40.900,-1.0
2013-05-17 09:55:41,2013-05-17 09:55:41.900,-1.0
2013-05-17 09:55:42,2013-05-17 09:55:42.900,-1.0
2013-05-17 09:55:43,2013-05-17 09:55:43.900,-1.0
2013-05-17 09:55:44,2013-05-17 09:55:44.900,-1.0
2013-05-17 09:55:45,2013-05-17 09:55:45.900,-1.0
2013-05-17 09:55:46,2013-05-17 09:55:46.900,-1.0
2013-05-17 09:55:47,2013-05-17 09:55:47.900,-1.0
2013-05-17 09:55:48,2013-05-17 09:55:48.900,-1.0
2013-05-17 09:55:49,2013-05-17 09:55:49.900,-1.0
2013-05-17 09:55:50,2013-05-17 09:55:50.900,-1.0
2013-05-17 09:55:51,2013-05-17 09:55:51.900,-1.0
2013-05-17 09:55:52,2013-05-17 09:55:52.900,-1.0
2013-05-17 09:55:53,2013-05-17 09:55:53.900,-1.0
2013-05-17 09:55:54,2013-05-17 09:55:54.900,-1.0
2013-05-17 09:55:55,2013-05-17 09:55:55.900,-1.0
2013-05-17 09:55:56,2013-05-17 09:55:56.900,-1.0
2013-05-17 09:55:57,2013-05-17 09:55:57.900,-1.0
2013-05-17 09:55:58,2013-05-17 09:55:58.900,-1.0
2013-05-17 09:55:59,2013-05-17 09:55:59.900,-1.0
2013-05-17 09:56:00,2013-05-17 09:56:00.900,-1.0
2013-05-17 09:56:01,2013-05-17 09:56:01.900,-1.0
2013-05-17 09:56:02,2013-05-17 09:56:02.900,-1.0
2013-05-17 09:56:30,2013-05-17 09:56:30.900,1.0
2013-05-17 09:56:31,2013-05-17 09:56:31.900,1.0
2013-05-17 09:56:32,2013-05-17 09:56:32.900,1.0
2013-05-17 09:56:33,2013-05-17 09:56:33.900,1.0
2013-05-17 09:56:34,2013-05-17 09:56:34.900,1.0
2013-05-17 09:56:35,2013-05-17 09:56:35.900,1.0
2013-05-17 09:56:36,2013-05-17 09:56:36.900,1.0
2013-05-17 09:56:37,2013-05-17 09:56:37.900,1.0
2013-05-17 09:56:38,2013-05-17 09:56:38.900,1.0
2013-05-17 09:56:39,2013-05-17 09:56:39.900,1.0
2013-05-17 09:56:40,2013-05-17 09:56:40.900,1.0
2013-05-17 09:56:41,2013-05-17 09:56:41.900,1.0
2013-05-17 09:56:42,2013-05-17 09:56:42.900,1.0
2013-05-17 09:56:43,2013-05-17 09:56:43.900,1.0
2013-05-17 09:56:44,2013-05-17 09:56:44.900,1.0
2013-05-17 09:56:45,2013-05-17 09:56:45.900,1.0
2013-05-17 09:56:46,2013-05-17 09:56:46.900,1.0
2013-05-17 09:56:47,2013-05-17 09:56:47.900,1.0
2013-05-17 09:56:48,2013-05-17 09:56:48.900,1.0
2013-05-17 09:56:49,2013-05-17 09:56:49.900,1.0
2013-05-17 09:56:50,2013-05-17 09:56:50.900,1.0
2013-05-17 09:56:51,2013-05-17 09:56:51.900,1.0
2013-05-17 09:56:52,2013-05-17 09:56:52.900,1.0
2013-05-17 09:56:53,2013-05-17 09:56:53.900,1.0
2013-05-17 09:56:54,2013-05-17 09:56:54.900,1.0
2013-05-17 09:56:55,2013-05-17 09:56:55.900,1.0
2013-05-17 09:56:56,2013-05-17 09:56:56.900,1.0
2013-05-17 09:56:57,2013-05-17 09:56:57.900,1.0
2013-05-17 09:56:58,2013-05-17 09:56:58.900,1.0
2013-05-17 09:56:59,2013-05-17 09:56:59.900,1.0
2013-05-17 09:57:00,2013-05-17 09:57:00.900,1.0
2013-05-17 09:57:01,2013-05-17 09:57:01.900,1.0
2013-05-17 09:57:02,2013-05-17 09:57:02.900,1.0
2013-05-17 09:57:03,2013-05-17 09:57:03.900,1.0
2013-05-17 09:57:04,2013-05-17 09:57:04.900,1.0
2013-05-17 09:57:05,2013-05-17 09:57:05.900,1.0
2013-05-17 09:57:34,2013-05-17 09:57:34.900,-1.0
2013-05-17 09:57:35,2013-05-17 09:57:35.900,-1.0
2013-05-17 09:57:36,2013-05-17 09:57:36.900,-1.0
2013-05-17 09:57:37,2013-05-17 09:57:37.900,-1.0
2013-05-17 09:57:38,2013-05-17 09:57:38.900,-1.0
2013-05-17 09:57:39,2013-05-17 09:57:39.900,-1.0
2013-05-17 09:57:40,2013-05-17 09:57:40.900,-1.0
2013-05-17 09:57:41,2013-05-17 09:57:41.900,-1.0
2013-05-17 09:57:42,2013-05-17 09:57:42.900,-1.0
2013-05-17 09:57:43,2013-05-17 09:57:43.900,-1.0
2013-05-17 09:57:44,2013-05-17 09:57:44.900,-1.0
2013-05-17 09:57:45,2013-05-17 09:57:45.900,-1.0
2013-05-17 09:57:46,2013-05-17 09:57:46.900,-1.0
2013-05-17 09:57:47,2013-05-17 09:57:47.900,-1.0
2013-05-17 09:57:48,2013-05-17 09:57:48.900,-1.0
2013-05-17 09:57:49,2013-05-17 09:57:49.900,-1.0
2013-05-17 09:57:50,2013-05-17 09:57:50.900,-1.0
2013-05-17 09:57:51,2013-05-17 09:57:51.900,-1.0
2013-05-17 09:57:52,2013-05-17 09:57:52.900,-1.0
2013-05-17 09:57:53,2013-05-17 09:57:53.900,-1.0
2013-05-17 09:57:54,2013-05-17 09:57:54.900,-1.0
2013-05-17 09:59:06,2013-05-17 09:59:06.900,1.0
2013-05-17 09:59:07,2013-05-17 09:59:07.900,1.0
2013-05-17 09:59:08,2013-05-17 09:59:08.900,1.0
2013-05-17 09:59:09,2013-05-17 09:59:09.900,1.0
2013-05-17 09:59:10,2013-05-17 09:59:10.900,1.0
2013-05-17 09:59:11,2013-05-17 09:59:11.900,1.0
2013-05-17 09:59:12,2013-05-17 09:59:12.900,1.0
2013-05-17 09:59:13,2013-05-17 09:59:13.900,1.0
2013-05-17 09:59:14,2013-05-17 09:59:14.900,1.0
2013-05-17 09:59:15,2013-05-17 09:59:15.900,1.0
2013-05-17 09:59:16,2013-05-17 09:59:16.900,1.0
2013-05-17 09:59:17,2013-05-17 09:59:17.900,1.0
2013-05-17 09:59:18,2013-05-17 09:59:18.900,1.0
2013-05-17 09:59:19,2013-05-17 09:59:19.900,1.0
2013-05-17 09:59:20,2013-05-17 09:59:20.900,1.0
2013-05-17 09:59:21,2013-05-17 09:59:21.900,1.0
2013-05-17 09:59:22,2013-05-17 09:59:22.900,1.0
2013-05-17 09:59:23,2013-05-17 09:59:23.900,1.0
2013-05-17 09:59:24,2013-05-17 09:59:24.900,1.0
2013-05-17 09:59:25,2013-05-17 09:59:25.900,1.0
2013-05-17 09:59:26,2013-05-17 09:59:26.900,1.0
2013-05-17 09:59:27,2013-05-17 09:59:27.900,1.0
2013-05-17 09:59:28,2013-05-17 09:59:28.900,1.0
2013-05-17 09:59:29,2013-05-17 09:59:29.900,1.0
2013-05-17 09:59:30,2013-05-17 09:59:30.900,1.0
2013-05-17 09:59:31,2013-05-17 09:59:31.900,1.0
2013-05-17 09:59:32,2013-05-17 09:59:32.900,1.0
2013-05-17 09:59:33,2013-05-17 09:59:33.900,1.0
2013-05-17 09:59:34,2013-05-17 09:59:34.900,1.0
2013-05-17 09:59:35,2013-05-17 09:59:35.900,1.0
2013-05-17 09:59:36,2013-05-17 09:59:36.900,1.0
2013-05-17 09:59:37,2013-05-17 09:59:37.900,1.0
2013-05-17 09:59:38,2013-05-17 09:59:38.900,1.0
2013-05-17 09:59:39,2013-05-17 09:59:39.900,1.0
2013-05-17 09:59:40,2013-05-17 09:59:40.900,1.0
2013-05-17 09:59:41,2013-05-17 09:59:41.900,1.0
2013-05-17 09:59:42,2013-05-17 09:59:42.900,1.0
2013-05-17 09:59:43,2013-05-17 09:59:43.900,1.0
2013-05-17 09:59:44,2013-05-17 09:59:44.900,1.0
2013-05-17 09:59:45,2013-05-17 09:59:45.900,1.0
2013-05-17 09:59:46,2013-05-17 09:59:46.900,1.0
2013-05-17 09:59:47,2013-05-17 09:59:47.900,1.0
2013-05-17 09:59:48,2013-05-17 09:59:48.900,1.0
2013-05-17 09:59:49,2013-05-17 09:59:49.900,1.0
2013-05-17 09:59:50,2013-05-17 09:59:50.900,1.0
2013-05-17 09:59:51,2013-05-17 09:59:51.900,1.0
2013-05-17 09:59:52,2013-05-17 09:59:52.900,1.0
2013-05-17 09:59:53,2013-05-17 09:59:53.900,1.0
2013-05-17 09:59:54,2013-05-17 09:59:54.900,1.0
2013-05-17 09:59:55,2013-05-17 09:59:55.900,1.0
2013-05-17 09:59:56,2013-05-17 09:59:56.900,1.0
2013-05-17 09:59:57,2013-05-17 09:59:57.900,1.0
2013-05-17 09:59:58,2013-05-17 09:59:58.900,1.0
2013-05-17 09:59:59,2013-05-17 09:59:59.900,1.0
2013-05-17 10:00:00,2013-05-17 10:00:00.900,1.0
2013-05-17 10:00:01,2013-05-17 10:00:01.900,1.0
2013-05-17 10:00:02,2013-05-17 10:00:02.900,1.0
2013-05-17 10:00:03,2013-05-17 10:00:03.900,1.0
2013-05-17 10:00:04,2013-05-17 10:00:04.900,1.0
2013-05-17 10:00:05,2013-05-17 10:00:05.900,1.0
2013-05-17 10:00:06,2013-05-17 10:00:06.900,1.0
2013-05-17 10:00:07,2013-05-17 10:00:07.900,1.0
2013-05-17 10:00:08,2013-05-17 10:00:08.900,1.0
2013-05-17 10:00:09,2013-05-17 10:00:09.900,1.0
2013-05-17 10:00:10,2013-05-17 10:00:10.900,1.0
2013-05-17 10:00:11,2013-05-17 10:00:11.900,1.0
2013-05-17 10:00:12,2013-05-17 10:00:12.900,1.0
2013-05-17 10:00:13,2013-05-17 10:00:13.900,1.0
2013-05-17 10:00:14,2013-05-17 10:00:14.900,1.0
2013-05-17 10:00:15,2013-05-17 10:00:15.900,1.0
2013-05-17 10:00:16,2013-05-17 10:00:16.900,1.0
2013-05-17 10:00:17,2013-05-17 10:00:17.900,1.0
2013-05-17 10:00:18,2013-05-17 10:00:18.900,1.0
2013-05-17 10:00:19,2013-05-17 10:00:19.900,1.0
2013-05-17 10:00:33,2013-05-17 10:00:33.900,-1.0
2013-05-17 10:00:34,2013-05-17 10:00:34.900,-1.0
2013-05-17 10:00:35,2013-05-17 10:00:35.900,-1.0
2013-05-17 10:00:36,2013-05-17 10:00:36.900,-1.0
2013-05-17 10:00:37,2013-05-17 10:00:37.900,-1.0
2013-05-17 10:00:38,2013-05-17 10:00:38.900,-1.0
2013-05-17 10:00:39,2013-05-17 10:00:39.900,-1.0
2013-05-17 10:00:40,2013-05-17 10:00:40.900,-1.0
2013-05-17 10:00:41,2013-05-17 10:00:41.900,-1.0
2013-05-17 10:00:42,2013-05-17 10:00:42.900,-1.0
2013-05-17 10:00:43,2013-05-17 10:00:43.900,-1.0
2013-05-17 10:00:44,2013-05-17 10:00:44.900,-1.0
2013-05-17 10:00:45,2013-05-17 10:00:45.900,-1.0
2013-05-17 10:00:46,2013-05-17 10:00:46.900,-1.0
2013-05-17 10:01:02,2013-05-17 10:01:02.900,1.0
2013-05-17 10:01:03,2013-05-17 10:01:03.900,1.0
2013-05-17 10:01:04,2013-05-17 10:01:04.900,1.0
2013-05-17 10:01:05,2013-05-17 10:01:05.900,1.0
2013-05-17 10:01:06,2013-05-17 10:01:06.900,1.0
2013-05-17 10:01:07,2013-05-17 10:01:07.900,1.0
2013-05-17 10:01:08,2013-05-17 10:01:08.900,1.0
2013-05-17 10:01:09,2013-05-17 10:01:09.900,1.0
2013-05-17 10:01:10,2013-05-17 10:01:10.900,1.0
2013-05-17 10:01:11,2013-05-17 10:01:11.900,1.0
2013-05-17 10:01:12,2013-05-17 10:01:12.900,1.0
2013-05-17 10:01:13,2013-05-17 10:01:13.900,1.0
2013-05-17 10:01:14,2013-05-17 10:01:14.900,1.0
2013-05-17 10:01:15,2013-05-17 10:01:15.900,1.0
2013-05-17 10:01:16,2013-05-17 10:01:16.900,1.0
2013-05-17 10:01:17,2013-05-17 10:01:17.900,1.0
2013-05-17 10:01:18,2013-05-17 10:01:18.900,1.0
2013-05-17 10:01:19,2013-05-17 10:01:19.900,1.0
2013-05-17 10:01:20,2013-05-17 10:01:20.900,1.0
2013-05-17 10:01:21,2013-05-17 10:01:21.900,1.0
2013-05-17 10:01:22,2013-05-17 10:01:22.900,1.0
2013-05-17 10:01:23,2013-05-17 10:01:23.900,1.0
2013-05-17 10:01:24,2013-05-17 10:01:24.900,1.0
2013-05-17 10:01:25,2013-05-17 10:01:25.900,1.0
2013-05-17 10:01:26,2013-05-17 10:01:26.900,1.0
2013-05-17 10:01:27,2013-05-17 10:01:27.900,1.0
2013-05-17 10:01:46,2013-05-17 10:01:46.900,-1.0
2013-05-17 10:01:47,2013-05-17 10:01:47.900,-1.0
2013-05-17 10:01:48,2013-05-17 10:01:48.900,-1.0
2013-05-17 10:01:49,2013-05-17 10:01:49.900,-1.0
2013-05-17 10:01:50,2013-05-17 10:01:50.900,-1.0
2013-05-17 10:01:51,2013-05-17 10:01:51.900,-1.0
2013-05-17 10:01:52,2013-05-17 10:01:52.900,-1.0
2013-05-17 10:01:53,2013-05-17 10:01:53.900,-1.0
2013-05-17 10:01:54,2013-05-17 10:01:54.900,-1.0
2013-05-17 10:01:55,2013-05-17 10:01:55.900,-1.0
2013-05-17 10:01:56,2013-05-17 10:01:56.900,-1.0
2013-05-17 10:02:14,2013-05-17 10:02:14.900,1.0
2013-05-17 10:02:15,2013-05-17 10:02:15.900,1.0
2013-05-17 10:02:16,2013-05-17 10:02:16.900,1.0
2013-05-17 10:02:17,2013-05-17 10:02:17.900,1.0
2013-05-17 10:02:18,2013-05-17 10:02:18.900,1.0
2013-05-17 10:02:19,2013-05-17 10:02:19.900,1.0
2013-05-17 10:02:20,2013-05-17 10:02:20.900,1.0
2013-05-17 10:02:21,2013-05-17 10:02:21.900,1.0
2013-05-17 10:02:22,2013-05-17 10:02:22.900,1.0
2013-05-17 10:02:23,2013-05-17 10:02:23.900,1.0
2013-05-17 10:02:24,2013-05-17 10:02:24.900,1.0
2013-05-17 10:02:25,2013-05-17 10:02:25.900,1.0
2013-05-17 10:02:26,2013-05-17 10:02:26.900,1.0
2013-05-17 10:02:27,2013-05-17 10:02:27.900,1.0
2013-05-17 10:02:28,2013-05-17 10:02:28.900,1.0
2013-05-17 10:02:29,2013-05-17 10:02:29.900,1.0
2013-05-17 10:02:30,2013-05-17 10:02:30.900,1.0
2013-05-17 10:02:48,2013-05-17 10:02:48.900,-1.0
2013-05-17 10:02:49,2013-05-17 10:02:49.900,-1.0
2013-05-17 10:02:50,2013-05-17 10:02:50.900,-1.0
2013-05-17 10:02:51,2013-05-17 10:02:51.900,-1.0
2013-05-17 10:02:52,2013-05-17 10:02:52.900,-1.0
2013-05-17 10:02:53,2013-05-17 10:02:53.900,-1.0
2013-05-17 10:02:54,2013-05-17 10:02:54.900,-1.0
2013-05-17 10:02:55,2013-05-17 10:02:55.900,-1.0
2013-05-17 10:02:56,2013-05-17 10:02:56.900,-1.0
2013-05-17 10:02:57,2013-05-17 10:02:57.900,-1.0
2013-05-17 10:02:58,2013-05-17 10:02:58.900,-1.0
2013-05-17 10:02:59,2013-05-17 10:02:59.900,-1.0
2013-05-17 10:03:00,2013-05-17 10:03:00.900,-1.0
2013-05-17 10:03:01,2013-05-17 10:03:01.900,-1.0
2013-05-17 10:03:02,2013-05-17 10:03:02.900,-1.0
2013-05-17 10:03:03,2013-05-17 10:03:03.900,-1.0
2013-05-17 10:03:04,2013-05-17 10:03:04.900,-1.0
2013-05-17 10:03:05,2013-05-17 10:03:05.900,-1.0
2013-05-17 10:03:06,2013-05-17 10:03:06.900,-1.0
2013-05-17 10:03:07,2013-05-17 10:03:07.900,-1.0
2013-05-17 10:03:08,2013-05-17 10:03:08.900,-1.0
2013-05-17 10:03:09,2013-05-17 10:03:09.900,-1.0
2013-05-17 10:03:10,2013-05-17 10:03:10.900,-1.0
2013-05-17 10:03:11,2013-05-17 10:03:11.900,-1.0
2013-05-17 10:03:38,2013-05-17 10:03:38.900,1.0
2013-05-17 10:03:39,2013-05-17 10:03:39.900,1.0
2013-05-17 10:03:40,2013-05-17 10:03:40.900,1.0
2013-05-17 10:03:41,2013-05-17 10:03:41.900,1.0
2013-05-17 10:03:42,2013-05-17 10:03:42.900,1.0
2013-05-17 10:03:43,2013-05-17 10:03:43.900,1.0
2013-05-17 10:03:44,2013-05-17 10:03:44.900,1.0
2013-05-17 10:04:23,2013-05-17 10:04:23.900,-1.0
2013-05-17 10:04:24,2013-05-17 10:04:24.900,-1.0
2013-05-17 10:04:25,2013-05-17 10:04:25.900,-1.0
2013-05-17 10:04:26,2013-05-17 10:04:26.900,-1.0
2013-05-17 10:04:27,2013-05-17 10:04:27.900,-1.0
2013-05-17 10:04:28,2013-05-17 10:04:28.900,-1.0
2013-05-17 10:04:29,2013-05-17 10:04:29.900,-1.0
2013-05-17 10:04:30,2013-05-17 10:04:30.900,-1.0
2013-05-17 10:04:31,2013-05-17 10:04:31.900,-1.0
2013-05-17 10:04:32,2013-05-17 10:04:32.900,-1.0
2013-05-17 10:04:33,2013-05-17 10:04:33.900,-1.0
2013-05-17 10:04:34,2013-05-17 10:04:34.900,-1.0
2013-05-17 10:04:35,2013-05-17 10:04:35.900,-1.0
2013-05-17 10:04:36,2013-05-17 10:04:36.900,-1.0
2013-05-17 10:04:37,2013-05-17 10:04:37.900,-1.0
2013-05-17 10:04:38,2013-05-17 10:04:38.900,-1.0
2013-05-17 10:04:39,2013-05-17 10:04:39.900,-1.0
2013-05-17 10:04:40,2013-05-17 10:04:40.900,-1.0
2013-05-17 10:04:41,2013-05-17 10:04:41.900,-1.0
2013-05-17 10:05:30,2013-05-17 10:05:30.900,-1.0
2013-05-17 10:05:31,2013-05-17 10:05:31.900,-1.0
2013-05-17 10:05:32,2013-05-17 10:05:32.900,-1.0
2013-05-17 10:05:33,2013-05-17 10:05:33.900,-1.0
2013-05-17 10:05:34,2013-05-17 10:05:34.900,-1.0
2013-05-17 10:05:35,2013-05-17 10:05:35.900,-1.0
2013-05-17 10:05:36,2013-05-17 10:05:36.900,-1.0
2013-05-17 10:05:37,2013-05-17 10:05:37.900,-1.0
2013-05-17 10:05:38,2013-05-17 10:05:38.900,-1.0
2013-05-17 10:05:39,2013-05-17 10:05:39.900,-1.0
2013-05-17 10:05:40,2013-05-17 10:05:40.900,-1.0
2013-05-17 10:05:41,2013-05-17 10:05:41.900,-1.0
2013-05-17 10:05:42,2013-05-17 10:05:42.900,-1.0
2013-05-17 10:05:43,2013-05-17 10:05:43.900,-1.0
2013-05-17 10:05:44,2013-05-17 10:05:44.900,-1.0
2013-05-17 10:05:45,2013-05-17 10:05:45.900,-1.0
2013-05-17 10:05:46,2013-05-17 10:05:46.900,-1.0
2013-05-17 10:05:47,2013-05-17 10:05:47.900,-1.0
2013-05-17 10:05:48,2013-05-17 10:05:48.900,-1.0
2013-05-17 10:05:49,2013-05-17 10:05:49.900,-1.0
2013-05-17 10:05:50,2013-05-17 10:05:50.900,-1.0
2013-05-17 10:05:51,2013-05-17 10:05:51.900,-1.0
2013-05-17 10:05:52,2013-05-17 10:05:52.900,-1.0
2013-05-17 10:05:53,2013-05-17 10:05:53.900,-1.0
2013-05-17 10:05:54,2013-05-17 10:05:54.900,-1.0
2013-05-17 10:05:55,2013-05-17 10:05:55.900,-1.0
2013-05-17 10:05:56,2013-05-17 10:05:56.900,-1.0
2013-05-17 10:05:57,2013-05-17 10:05:57.900,-1.0
2013-05-17 10:05:58,2013-05-17 10:05:58.900,-1.0
2013-05-17 10:05:59,2013-05-17 10:05:59.900,-1.0
2013-05-17 10:06:00,2013-05-17 10:06:00.900,-1.0
2013-05-17 10:06:01,2013-05-17 10:06:01.900,-1.0
2013-05-17 10:06:02,2013-05-17 10:06:02.900,-1.0
2013-05-17 10:06:03,2013-05-17 10:06:03.900,-1.0
2013-05-17 10:06:04,2013-05-17 10:06:04.900,-1.0
2013-05-17 10:06:05,2013-05-17 10:06:05.900,-1.0
2013-05-17 10:06:06,2013-05-17 10:06:06.900,-1.0
2013-05-17 10:06:07,2013-05-17 10:06:07.900,-1.0
2013-05-17 10:06:08,2013-05-17 10:06:08.900,-1.0
2013-05-17 10:06:09,2013-05-17 10:06:09.900,-1.0
2013-05-17 10:06:10,2013-05-17 10:06:10.900,-1.0
2013-05-17 10:06:11,2013-05-17 10:06:11.900,-1.0
2013-05-17 10:06:12,2013-05-17 10:06:12.900,-1.0
2013-05-17 10:06:13,2013-05-17 10:06:13.900,-1.0
2013-05-17 10:06:14,2013-05-17 10:06:14.900,-1.0
2013-05-17 10:06:15,2013-05-17 10:06:15.900,-1.0
2013-05-17 10:06:16,2013-05-17 10:06:16.900,-1.0
2013-05-17 10:06:17,2013-05-17 10:06:17.900,-1.0
2013-05-17 10:06:18,2013-05-17 10:06:18.900,-1.0
2013-05-17 10:06:19,2013-05-17 10:06:19.900,-1.0
2013-05-17 10:06:20,2013-05-17 10:06:20.900,-1.0
2013-05-17 10:06:21,2013-05-17 10:06:21.900,-1.0
2013-05-17 10:06:22,2013-05-17 10:06:22.900,-1.0
2013-05-17 10:06:23,2013-05-17 10:06:23.900,-1.0
2013-05-17 10:06:24,2013-05-17 10:06:24.900,-1.0
2013-05-17 10:06:25,2013-05-17 10:06:25.900,-1.0
2013-05-17 10:06:26,2013-05-17 10:06:26.900,-1.0
2013-05-17 10:06:27,2013-05-17 10:06:27.900,-1.0
2013-05-17 10:06:28,2013-05-17 10:06:28.900,-1.0
2013-05-17 10:07:17,2013-05-17 10:07:17.900,1.0
2013-05-17 10:07:18,2013-05-17 10:07:18.900,1.0
2013-05-17 10:07:19,2013-05-17 10:07:19.900,1.0
2013-05-17 10:07:20,2013-05-17 10:07:20.900,1.0
2013-05-17 10:07:21,2013-05-17 10:07:21.900,1.0
2013-05-17 10:07:22,2013-05-17 10:07:22.900,1.0
2013-05-17 10:07:23,2013-05-17 10:07:23.900,1.0
2013-05-17 10:07:24,2013-05-17 10:07:24.900,1.0
2013-05-17 10:07:25,2013-05-17 10:07:25.900,1.0
2013-05-17 10:07:26,2013-05-17 10:07:26.900,1.0
2013-05-17 10:07:27,2013-05-17 10:07:27.900,1.0
2013-05-17 10:07:28,2013-05-17 10:07:28.900,1.0
2013-05-17 10:09:48,2013-05-17 10:09:48.900,1.0
2013-05-17 10:09:49,2013-05-17 10:09:49.900,1.0
2013-05-17 10:09:50,2013-05-17 10:09:50.900,1.0
2013-05-17 10:09:51,2013-05-17 10:09:51.900,1.0
2013-05-17 10:09:52,2013-05-17 10:09:52.900,1.0
2013-05-17 10:09:53,2013-05-17 10:09:53.900,1.0
2013-05-17 10:09:54,2013-05-17 10:09:54.900,1.0
2013-05-17 10:09:55,2013-05-17 10:09:55.900,1.0
2013-05-17 10:09:56,2013-05-17 10:09:56.900,1.0
2013-05-17 10:09:57,2013-05-17 10:09:57.900,1.0
2013-05-17 10:09:58,2013-05-17 10:09:58.900,1.0
2013-05-17 10:09:59,2013-05-17 10:09:59.900,1.0
2013-05-17 10:10:00,2013-05-17 10:10:00.900,1.0
2013-05-17 10:10:01,2013-05-17 10:10:01.900,1.0
2013-05-17 10:10:02,2013-05-17 10:10:02.900,1.0
2013-05-17 10:10:42,2013-05-17 10:10:42.900,1.0
2013-05-17 10:10:43,2013-05-17 10:10:43.900,1.0
2013-05-17 10:10:44,2013-05-17 10:10:44.900,1.0
2013-05-17 10:10:45,2013-05-17 10:10:45.900,1.0
2013-05-17 10:10:46,2013-05-17 10:10:46.900,1.0
2013-05-17 10:10:47,2013-05-17 10:10:47.900,1.0
2013-05-17 10:10:48,2013-05-17 10:10:48.900,1.0
2013-05-17 10:10:49,2013-05-17 10:10:49.900,1.0
2013-05-17 10:10:50,2013-05-17 10:10:50.900,1.0
2013-05-17 10:10:51,2013-05-17 10:10:51.900,1.0
2013-05-17 10:10:52,2013-05-17 10:10:52.900,1.0
2013-05-17 10:10:53,2013-05-17 10:10:53.900,1.0
2013-05-17 10:10:54,2013-05-17 10:10:54.900,1.0
2013-05-17 10:10:55,2013-05-17 10:10:55.900,1.0
2013-05-17 10:10:56,2013-05-17 10:10:56.900,1.0
2013-05-17 10:10:57,2013-05-17 10:10:57.900,1.0
2013-05-17 10:10:58,2013-05-17 10:10:58.900,1.0
2013-05-17 10:10:59,2013-05-17 10:10:59.900,1.0
2013-05-17 10:11:00,2013-05-17 10:11:00.900,1.0
2013-05-17 10:11:01,2013-05-17 10:11:01.900,1.0
2013-05-17 10:11:02,2013-05-17 10:11:02.900,1.0
2013-05-17 10:11:03,2013-05-17 10:11:03.900,1.0
2013-05-17 10:11:04,2013-05-17 10:11:04.900,1.0
2013-05-17 10:11:05,2013-05-17 10:11:05.900,1.0
2013-05-17 10:11:06,2013-05-17 10:11:06.900,1.0
2013-05-17 10:11:07,2013-05-17 10:11:07.900,1.0
2013-05-17 10:11:08,2013-05-17 10:11:08.900,1.0
2013-05-17 10:11:09,2013-05-17 10:11:09.900,1.0
2013-05-17 10:11:10,2013-05-17 10:11:10.900,1.0
2013-05-17 10:11:11,2013-05-17 10:11:11.900,1.0
2013-05-17 10:11:12,2013-05-17 10:11:12.900,1.0
2013-05-17 10:11:13,2013-05-17 10:11:13.900,1.0
2013-05-17 10:11:14,2013-05-17 10:11:14.900,1.0
2013-05-17 10:11:15,2013-05-17 10:11:15.900,1.0
2013-05-17 10:13:22,2013-05-17 10:13:22.900,-1.0
2013-05-17 10:13:23,2013-05-17 10:13:23.900,-1.0
2013-05-17 10:13:24,2013-05-17 10:13:24.900,-1.0
2013-05-17 10:13:25,2013-05-17 10:13:25.900,-1.0
2013-05-17 10:13:26,2013-05-17 10:13:26.900,-1.0
2013-05-17 10:13:27,2013-05-17 10:13:27.900,-1.0
2013-05-17 10:13:28,2013-05-17 10:13:28.900,-1.0
2013-05-17 10:13:29,2013-05-17 10:13:29.900,-1.0
2013-05-17 10:13:30,2013-05-17 10:13:30.900,-1.0
2013-05-17 10:13:56,2013-05-17 10:13:56.900,1.0
2013-05-17 10:13:57,2013-05-17 10:13:57.900,1.0
2013-05-17 10:13:58,2013-05-17 10:13:58.900,1.0
2013-05-17 10:13:59,2013-05-17 10:13:59.900,1.0
2013-05-17 10:14:00,2013-05-17 10:14:00.900,1.0
2013-05-17 10:14:01,2013-05-17 10:14:01.900,1.0
2013-05-17 10:14:02,2013-05-17 10:14:02.900,1.0
2013-05-17 10:14:03,2013-05-17 10:14:03.900,1.0
2013-05-17 10:16:42,2013-05-17 10:16:42.900,1.0
2013-05-17 10:16:43,2013-05-17 10:16:43.900,1.0
2013-05-17 10:16:44,2013-05-17 10:16:44.900,1.0
2013-05-17 10:16:45,2013-05-17 10:16:45.900,1.0
2013-05-17 10:16:46,2013-05-17 10:16:46.900,1.0
2013-05-17 10:16:47,2013-05-17 10:16:47.900,1.0
2013-05-17 10:16:48,2013-05-17 10:16:48.900,1.0
2013-05-17 10:16:49,2013-05-17 10:16:49.900,1.0
2013-05-17 10:16:50,2013-05-17 10:16:50.900,1.0
2013-05-17 10:16:51,2013-05-17 10:16:51.900,1.0
2013-05-17 10:16:52,2013-05-17 10:16:52.900,1.0
2013-05-17 10:16:53,2013-05-17 10:16:53.900,1.0
2013-05-17 10:16:54,2013-05-17 10:16:54.900,1.0
2013-05-17 10:16:55,2013-05-17 10:16:55.900,1.0
2013-05-17 10:16:56,2013-05-17 10:16:56.900,1.0
2013-05-17 10:16:57,2013-05-17 10:16:57.900,1.0
2013-05-17 10:16:58,2013-05-17 10:16:58.900,1.0
2013-05-17 10:16:59,2013-05-17 10:16:59.900,1.0
2013-05-17 10:17:00,2013-05-17 10:17:00.900,1.0
2013-05-17 10:22:42,2013-05-17 10:22:42.900,-1.0
2013-05-17 10:22:43,2013-05-17 10:22:43.900,-1.0
2013-05-17 10:22:44,2013-05-17 10:22:44.900,-1.0
2013-05-17 10:22:45,2013-05-17 10:22:45.900,-1.0
2013-05-17 10:22:46,2013-05-17 10:22:46.900,-1.0
2013-05-17 10:24:57,2013-05-17 10:24:57.900,1.0
2013-05-17 10:24:58,2013-05-17 10:24:58.900,1.0
2013-05-17 10:24:59,2013-05-17 10:24:59.900,1.0
2013-05-17 10:25:00,2013-05-17 10:25:00.900,1.0
2013-05-17 10:25:01,2013-05-17 10:25:01.900,1.0
2013-05-17 10:25:02,2013-05-17 10:25:02.900,1.0
2013-05-17 10:25:03,2013-05-17 10:25:03.900,1.0
2013-05-17 10:25:04,2013-05-17 10:25:04.900,1.0
2013-05-17 10:25:05,2013-05-17 10:25:05.900,1.0
2013-05-17 10:25:06,2013-05-17 10:25:06.900,1.0
2013-05-17 10:25:07,2013-05-17 10:25:07.900,1.0
2013-05-17 10:25:08,2013-05-17 10:25:08.900,1.0
2013-05-17 10:25:09,2013-05-17 10:25:09.900,1.0
2013-05-17 10:25:10,2013-05-17 10:25:10.900,1.0
2013-05-17 10:25:11,2013-05-17 10:25:11.900,1.0
2013-05-17 10:25:12,2013-05-17 10:25:12.900,1.0
2013-05-17 10:25:13,2013-05-17 10:25:13.900,1.0
2013-05-17 10:25:14,2013-05-17 10:25:14.900,1.0
2013-05-17 10:25:15,2013-05-17 10:25:15.900,1.0
2013-05-17 10:25:16,2013-05-17 10:25:16.900,1.0
2013-05-17 10:25:17,2013-05-17 10:25:17.900,1.0
2013-05-17 10:25:18,2013-05-17 10:25:18.900,1.0
2013-05-17 10:25:19,2013-05-17 10:25:19.900,1.0
2013-05-17 10:25:20,2013-05-17 10:25:20.900,1.0
2013-05-17 10:25:21,2013-05-17 10:25:21.900,1.0
2013-05-17 10:25:22,2013-05-17 10:25:22.900,1.0
2013-05-17 10:25:23,2013-05-17 10:25:23.900,1.0
2013-05-17 10:35:40,2013-05-17 10:35:40.900,1.0
2013-05-17 10:35:41,2013-05-17 10:35:41.900,1.0
2013-05-17 10:35:42,2013-05-17 10:35:42.900,1.0
2013-05-17 10:35:43,2013-05-17 10:35:43.900,1.0
2013-05-17 10:35:44,2013-05-17 10:35:44.900,1.0
2013-05-17 10:35:45,2013-05-17 10:35:45.900,1.0
2013-05-17 10:35:46,2013-05-17 10:35:46.900,1.0
2013-05-17 10:35:47,2013-05-17 10:35:47.900,1.0
2013-05-17 10:35:48,2013-05-17 10:35:48.900,1.0
2013-05-17 10:35:49,2013-05-17 10:35:49.900,1.0
2013-05-17 10:35:50,2013-05-17 10:35:50.900,1.0
2013-05-17 10:35:51,2013-05-17 10:35:51.900,1.0
2013-05-17 10:35:52,2013-05-17 10:35:52.900,1.0
2013-05-17 10:35:53,2013-05-17 10:35:53.900,1.0
2013-05-17 10:35:54,2013-05-17 10:35:54.900,1.0
2013-05-17 10:35:55,2013-05-17 10:35:55.900,1.0
2013-05-17 10:35:56,2013-05-17 10:35:56.900,1.0
2013-05-17 10:35:57,2013-05-17 10:35:57.900,1.0
2013-05-17 10:35:58,2013-05-17 10:35:58.900,1.0
2013-05-17 10:35:59,2013-05-17 10:35:59.900,1.0
2013-05-17 10:36:00,2013-05-17 10:36:00.900,1.0
2013-05-17 10:36:01,2013-05-17 10:36:01.900,1.0
2013-05-17 10:36:02,2013-05-17 10:36:02.900,1.0
2013-05-17 10:36:03,2013-05-17 10:36:03.900,1.0
2013-05-17 10:36:04,2013-05-17 10:36:04.900,1.0
2013-05-17 10:36:05,2013-05-17 10:36:05.900,1.0
2013-05-17 10:36:06,2013-05-17 10:36:06.900,1.0
2013-05-17 10:36:07,2013-05-17 10:36:07.900,1.0
2013-05-17 10:36:08,2013-05-17 10:36:08.900,1.0
2013-05-17 10:36:09,2013-05-17 10:36:09.900,1.0
2013-05-17 10:36:10,2013-05-17 10:36:10.900,1.0
2013-05-17 10:36:11,2013-05-17 10:36:11.900,1.0
2013-05-17 10:36:12,2013-05-17 10:36:12.900,1.0
2013-05-17 10:36:13,2013-05-17 10:36:13.900,1.0
2013-05-17 10:36:14,2013-05-17 10:36:14.900,1.0
2013-05-17 10:36:15,2013-05-17 10:36:15.900,1.0
2013-05-17 10:36:16,2013-05-17 10:36:16.900,1.0
2013-05-17 10:36:17,2013-05-17 10:36:17.900,1.0
2013-05-17 10:36:18,2013-05-17 10:36:18.900,1.0
2013-05-17 10:47:35,2013-05-17 10:47:35.900,1.0
2013-05-17 10:47:36,2013-05-17 10:47:36.900,1.0
2013-05-17 10:47:37,2013-05-17 10:47:37.900,1.0
2013-05-17 10:47:38,2013-05-17 10:47:38.900,1.0
2013-05-17 10:47:39,2013-05-17 10:47:39.900,1.0
2013-05-17 10:47:40,2013-05-17 10:47:40.900,1.0
2013-05-17 10:47:41,2013-05-17 10:47:41.900,1.0
2013-05-17 10:47:42,2013-05-17 10:47:42.900,1.0
2013-05-17 10:47:43,2013-05-17 10:47:43.900,1.0
2013-05-17 10:47:44,2013-05-17 10:47:44.900,1.0
2013-05-17 10:47:45,2013-05-17 10:47:45.900,1.0
2013-05-17 10:47:46,2013-05-17 10:47:46.900,1.0
2013-05-17 10:47:47,2013-05-17 10:47:47.900,1.0
2013-05-17 10:47:48,2013-05-17 10:47:48.900,1.0
2013-05-17 10:47:49,2013-05-17 10:47:49.900,1.0
2013-05-17 10:47:50,2013-05-17 10:47:50.900,1.0
2013-05-17 10:47:51,2013-05-17 10:47:51.900,1.0
2013-05-17 10:47:52,2013-05-17 10:47:52.900,1.0
2013-05-17 10:47:53,2013-05-17 10:47:53.900,1.0
2013-05-17 10:47:54,2013-05-17 10:47:54.900,1.0
2013-05-17 10:47:55,2013-05-17 10:47:55.900,1.0
2013-05-17 10:47:56,2013-05-17 10:47:56.900,1.0
2013-05-17 10:47:57,2013-05-17 10:47:57.900,1.0
2013-05-17 10:47:58,2013-05-17 10:47:58.900,1.0
2013-05-17 10:47:59,2013-05-17 10:47:59.900,1.0
2013-05-17 10:48:00,2013-05-17 10:48:00.900,1.0
2013-05-17 10:48:01,2013-05-17 10:48:01.900,1.0
2013-05-17 10:48:02,2013-05-17 10:48:02.900,1.0
2013-05-17 10:48:03,2013-05-17 10:48:03.900,1.0
2013-05-17 10:48:04,2013-05-17 10:48:04.900,1.0
2013-05-17 10:48:05,2013-05-17 10:48:05.900,1.0
2013-05-17 10:48:06,2013-05-17 10:48:06.900,1.0
2013-05-17 10:48:07,2013-05-17 10:48:07.900,1.0
2013-05-17 10:50:26,2013-05-17 10:50:26.900,1.0
2013-05-17 10:50:27,2013-05-17 10:50:27.900,1.0
2013-05-17 10:50:28,2013-05-17 10:50:28.900,1.0
2013-05-17 10:50:29,2013-05-17 10:50:29.900,1.0
2013-05-17 10:50:30,2013-05-17 10:50:30.900,1.0
2013-05-17 10:50:31,2013-05-17 10:50:31.900,1.0
2013-05-17 10:50:32,2013-05-17 10:50:32.900,1.0
2013-05-17 10:50:33,2013-05-17 10:50:33.900,1.0
2013-05-17 10:50:34,2013-05-17 10:50:34.900,1.0
2013-05-17 10:50:35,2013-05-17 10:50:35.900,1.0
2013-05-17 10:50:36,2013-05-17 10:50:36.900,1.0
2013-05-17 10:52:03,2013-05-17 10:52:03.900,-1.0
2013-05-17 10:52:04,2013-05-17 10:52:04.900,-1.0
2013-05-17 10:59:51,2013-05-17 10:59:51.900,-1.0
2013-05-17 10:59:52,2013-05-17 10:59:52.900,-1.0
2013-05-17 10:59:53,2013-05-17 10:59:53.900,-1.0
2013-05-17 10:59:54,2013-05-17 10:59:54.900,-1.0
2013-05-17 10:59:55,2013-05-17 10:59:55.900,-1.0
2013-05-17 10:59:56,2013-05-17 10:59:56.900,-1.0
2013-05-17 10:59:57,2013-05-17 10:59:57.900,-1.0
2013-05-17 10:59:58,2013-05-17 10:59:58.900,-1.0
2013-05-17 10:59:59,2013-05-17 10:59:59.900,-1.0
2013-05-17 11:00:00,2013-05-17 11:00:00.900,-1.0
2013-05-17 11:00:01,2013-05-17 11:00:01.900,-1.0
2013-05-17 11:00:02,2013-05-17 11:00:02.900,-1.0
2013-05-17 11:00:03,2013-05-17 11:00:03.900,-1.0
2013-05-17 11:00:04,2013-05-17 11:00:04.900,-1.0
2013-05-17 11:00:05,2013-05-17 11:00:05.900,-1.0
2013-05-17 11:00:06,2013-05-17 11:00:06.900,-1.0
2013-05-17 11:00:07,2013-05-17 11:00:07.900,-1.0
2013-05-17 11:00:08,2013-05-17 11:00:08.900,-1.0
2013-05-17 11:00:09,2013-05-17 11:00:09.900,-1.0
2013-05-17 11:00:10,2013-05-17 11:00:10.900,-1.0
2013-05-17 11:00:11,2013-05-17 11:00:11.900,-1.0
2013-05-17 11:00:12,2013-05-17 11:00:12.900,-1.0
2013-05-17 11:00:13,2013-05-17 11:00:13.900,-1.0
2013-05-17 11:00:14,2013-05-17 11:00:14.900,-1.0
2013-05-17 11:00:15,2013-05-17 11:00:15.900,-1.0
2013-05-17 11:00:16,2013-05-17 11:00:16.900,-1.0
2013-05-17 11:00:17,2013-05-17 11:00:17.900,-1.0
2013-05-17 11:00:18,2013-05-17 11:00:18.900,-1.0
2013-05-17 11:00:19,2013-05-17 11:00:19.900,-1.0
2013-05-17 11:00:20,2013-05-17 11:00:20.900,-1.0
2013-05-17 11:00:21,2013-05-17 11:00:21.900,-1.0
2013-05-17 11:00:40,2013-05-17 11:00:40.900,1.0
2013-05-17 11:00:41,2013-05-17 11:00:41.900,1.0
2013-05-17 11:00:42,2013-05-17 11:00:42.900,1.0
2013-05-17 11:00:43,2013-05-17 11:00:43.900,1.0
2013-05-17 11:00:44,2013-05-17 11:00:44.900,1.0
2013-05-17 11:00:45,2013-05-17 11:00:45.900,1.0
2013-05-17 11:00:46,2013-05-17 11:00:46.900,1.0
2013-05-17 11:00:47,2013-05-17 11:00:47.900,1.0
2013-05-17 11:00:48,2013-05-17 11:00:48.900,1.0
2013-05-17 11:00:49,2013-05-17 11:00:49.900,1.0
2013-05-17 11:00:50,2013-05-17 11:00:50.900,1.0
2013-05-17 11:00:51,2013-05-17 11:00:51.900,1.0
2013-05-17 11:00:52,2013-05-17 11:00:52.900,1.0
2013-05-17 11:00:53,2013-05-17 11:00:53.900,1.0
2013-05-17 11:00:54,2013-05-17 11:00:54.900,1.0
2013-05-17 11:00:55,2013-05-17 11:00:55.900,1.0
2013-05-17 11:00:56,2013-05-17 11:00:56.900,1.0
2013-05-17 11:00:57,2013-05-17 11:00:57.900,1.0
2013-05-17 11:00:58,2013-05-17 11:00:58.900,1.0
2013-05-17 11:00:59,2013-05-17 11:00:59.900,1.0
2013-05-17 11:01:00,2013-05-17 11:01:00.900,1.0
2013-05-17 11:01:01,2013-05-17 11:01:01.900,1.0
2013-05-17 11:01:02,2013-05-17 11:01:02.900,1.0
2013-05-17 11:01:03,2013-05-17 11:01:03.900,1.0
2013-05-17 11:01:04,2013-05-17 11:01:04.900,1.0
2013-05-17 11:01:05,2013-05-17 11:01:05.900,1.0
2013-05-17 11:01:06,2013-05-17 11:01:06.900,1.0
2013-05-17 11:01:07,2013-05-17 11:01:07.900,1.0
2013-05-17 11:01:08,2013-05-17 11:01:08.900,1.0
2013-05-17 11:01:09,2013-05-17 11:01:09.900,1.0
2013-05-17 11:01:10,2013-05-17 11:01:10.900,1.0
2013-05-17 11:01:11,2013-05-17 11:01:11.900,1.0
2013-05-17 11:01:27,2013-05-17 11:01:27.900,-1.0
2013-05-17 11:01:28,2013-05-17 11:01:28.900,-1.0
2013-05-17 11:01:29,2013-05-17 11:01:29.900,-1.0
2013-05-17 11:01:30,2013-05-17 11:01:30.900,-1.0
2013-05-17 11:01:31,2013-05-17 11:01:31.900,-1.0
2013-05-17 11:01:32,2013-05-17 11:01:32.900,-1.0
2013-05-17 11:01:33,2013-05-17 11:01:33.900,-1.0
2013-05-17 11:01:34,2013-05-17 11:01:34.900,-1.0
2013-05-17 11:01:35,2013-05-17 11:01:35.900,-1.0
2013-05-17 11:01:36,2013-05-17 11:01:36.900,-1.0
2013-05-17 11:01:37,2013-05-17 11:01:37.900,-1.0
2013-05-17 11:01:38,2013-05-17 11:01:38.900,-1.0
2013-05-17 11:01:39,2013-05-17 11:01:39.900,-1.0
2013-05-17 11:01:40,2013-05-17 11:01:40.900,-1.0
2013-05-17 11:01:41,2013-05-17 11:01:41.900,-1.0
2013-05-17 11:01:42,2013-05-17 11:01:42.900,-1.0
2013-05-17 11:01:43,2013-05-17 11:01:43.900,-1.0
2013-05-17 11:01:44,2013-05-17 11:01:44.900,-1.0
2013-05-17 11:01:45,2013-05-17 11:01:45.900,-1.0
2013-05-17 11:01:46,2013-05-17 11:01:46.900,-1.0
2013-05-17 11:01:47,2013-05-17 11:01:47.900,-1.0
2013-05-17 11:01:48,2013-05-17 11:01:48.900,-1.0
2013-05-17 11:01:49,2013-05-17 11:01:49.900,-1.0
2013-05-17 11:01:50,2013-05-17 11:01:50.900,-1.0
2013-05-17 11:01:51,2013-05-17 11:01:51.900,-1.0
2013-05-17 11:03:52,2013-05-17 11:03:52.900,1.0
2013-05-17 11:03:53,2013-05-17 11:03:53.900,1.0
2013-05-17 11:03:54,2013-05-17 11:03:54.900,1.0
2013-05-17 11:10:43,2013-05-17 11:10:43.900,-1.0
2013-05-17 11:10:44,2013-05-17 11:10:44.900,-1.0
2013-05-17 11:10:45,2013-05-17 11:10:45.900,-1.0
2013-05-17 11:10:46,2013-05-17 11:10:46.900,-1.0
2013-05-17 11:10:47,2013-05-17 11:10:47.900,-1.0
2013-05-17 11:10:48,2013-05-17 11:10:48.900,-1.0
2013-05-17 11:10:49,2013-05-17 11:10:49.900,-1.0
2013-05-17 11:10:50,2013-05-17 11:10:50.900,-1.0
2013-05-17 11:10:51,2013-05-17 11:10:51.900,-1.0
2013-05-17 11:10:52,2013-05-17 11:10:52.900,-1.0
2013-05-17 11:10:53,2013-05-17 11:10:53.900,-1.0
2013-05-17 11:10:54,2013-05-17 11:10:54.900,-1.0
2013-05-17 11:16:04,2013-05-17 11:16:04.900,-1.0
2013-05-17 11:16:05,2013-05-17 11:16:05.900,-1.0
2013-05-17 11:16:06,2013-05-17 11:16:06.900,-1.0
2013-05-17 11:16:07,2013-05-17 11:16:07.900,-1.0
2013-05-17 11:16:08,2013-05-17 11:16:08.900,-1.0
2013-05-17 11:16:09,2013-05-17 11:16:09.900,-1.0
2013-05-17 11:16:10,2013-05-17 11:16:10.900,-1.0
2013-05-17 11:16:11,2013-05-17 11:16:11.900,-1.0
2013-05-17 11:16:12,2013-05-17 11:16:12.900,-1.0
2013-05-17 11:16:13,2013-05-17 11:16:13.900,-1.0
2013-05-17 11:16:14,2013-05-17 11:16:14.900,-1.0
2013-05-17 11:16:15,2013-05-17 11:16:15.900,-1.0
2013-05-17 11:16:16,2013-05-17 11:16:16.900,-1.0
2013-05-17 11:16:17,2013-05-17 11:16:17.900,-1.0
2013-05-17 11:16:18,2013-05-17 11:16:18.900,-1.0
2013-05-17 11:16:19,2013-05-17 11:16:19.900,-1.0
2013-05-17 11:16:20,2013-05-17 11:16:20.900,-1.0
2013-05-17 11:16:21,2013-05-17 11:16:21.900,-1.0
2013-05-17 11:16:22,2013-05-17 11:16:22.900,-1.0
2013-05-17 11:16:23,2013-05-17 11:16:23.900,-1.0
2013-05-17 11:16:24,2013-05-17 11:16:24.900,-1.0
2013-05-17 11:16:25,2013-05-17 11:16:25.900,-1.0
2013-05-17 11:16:26,2013-05-17 11:16:26.900,-1.0
2013-05-17 11:16:27,2013-05-17 11:16:27.900,-1.0
2013-05-17 11:16:28,2013-05-17 11:16:28.900,-1.0
2013-05-17 11:16:29,2013-05-17 11:16:29.900,-1.0
2013-05-17 11:16:30,2013-05-17 11:16:30.900,-1.0
2013-05-17 11:16:31,2013-05-17 11:16:31.900,-1.0
2013-05-17 11:16:32,2013-05-17 11:16:32.900,-1.0
2013-05-17 11:16:33,2013-05-17 11:16:33.900,-1.0
2013-05-17 11:16:34,2013-05-17 11:16:34.900,-1.0
2013-05-17 11:31:13,2013-05-17 11:31:13.900,-1.0
2013-05-17 11:31:14,2013-05-17 11:31:14.900,-1.0
2013-05-17 11:31:15,2013-05-17 11:31:15.900,-1.0
2013-05-17 11:31:16,2013-05-17 11:31:16.900,-1.0
2013-05-17 11:31:17,2013-05-17 11:31:17.900,-1.0
2013-05-17 11:31:18,2013-05-17 11:31:18.900,-1.0
2013-05-17 11:31:19,2013-05-17 11:31:19.900,-1.0
2013-05-17 11:31:20,2013-05-17 11:31:20.900,-1.0
2013-05-17 11:31:21,2013-05-17 11:31:21.900,-1.0
2013-05-17 11:31:22,2013-05-17 11:31:22.900,-1.0
2013-05-17 11:31:23,2013-05-17 11:31:23.900,-1.0
2013-05-17 11:43:23,2013-05-17 11:43:23.900,-1.0
2013-05-17 11:43:24,2013-05-17 11:43:24.900,-1.0
2013-05-17 11:43:25,2013-05-17 11:43:25.900,-1.0
2013-05-17 11:43:26,2013-05-17 11:43:26.900,-1.0
2013-05-17 11:43:27,2013-05-17 11:43:27.900,-1.0
2013-05-17 11:43:28,2013-05-17 11:43:28.900,-1.0
2013-05-17 11:43:29,2013-05-17 11:43:29.900,-1.0
2013-05-17 11:43:30,2013-05-17 11:43:30.900,-1.0
2013-05-17 11:43:31,2013-05-17 11:43:31.900,-1.0
2013-05-17 11:43:32,2013-05-17 11:43:32.900,-1.0
2013-05-17 11:43:33,2013-05-17 11:43:33.900,-1.0
2013-05-17 11:43:34,2013-05-17 11:43:34.900,-1.0
2013-05-17 11:43:35,2013-05-17 11:43:35.900,-1.0
2013-05-17 11:46:02,2013-05-17 11:46:02.900,-1.0
2013-05-17 11:46:03,2013-05-17 11:46:03.900,-1.0
2013-05-17 11:46:04,2013-05-17 11:46:04.900,-1.0
2013-05-17 11:46:05,2013-05-17 11:46:05.900,-1.0
2013-05-17 11:46:06,2013-05-17 11:46:06.900,-1.0
2013-05-17 11:46:07,2013-05-17 11:46:07.900,-1.0
2013-05-17 11:46:08,2013-05-17 11:46:08.900,-1.0
2013-05-17 11:46:09,2013-05-17 11:46:09.900,-1.0
2013-05-17 11:46:10,2013-05-17 11:46:10.900,-1.0
2013-05-17 11:46:11,2013-05-17 11:46:11.900,-1.0
2013-05-17 11:46:12,2013-05-17 11:46:12.900,-1.0
2013-05-17 11:46:13,2013-05-17 11:46:13.900,-1.0
2013-05-17 11:46:14,2013-05-17 11:46:14.900,-1.0
2013-05-17 11:46:15,2013-05-17 11:46:15.900,-1.0
2013-05-17 11:46:16,2013-05-17 11:46:16.900,-1.0
2013-05-17 11:46:17,2013-05-17 11:46:17.900,-1.0
2013-05-17 11:46:18,2013-05-17 11:46:18.900,-1.0
2013-05-17 11:46:19,2013-05-17 11:46:19.900,-1.0
2013-05-17 11:46:20,2013-05-17 11:46:20.900,-1.0
2013-05-17 11:46:21,2013-05-17 11:46:21.900,-1.0
2013-05-17 11:46:22,2013-05-17 11:46:22.900,-1.0
2013-05-17 11:46:23,2013-05-17 11:46:23.900,-1.0
2013-05-17 11:46:24,2013-05-17 11:46:24.900,-1.0
2013-05-17 11:47:37,2013-05-17 11:47:37.900,-1.0
2013-05-17 11:47:38,2013-05-17 11:47:38.900,-1.0
2013-05-17 11:47:39,2013-05-17 11:47:39.900,-1.0
2013-05-17 11:47:40,2013-05-17 11:47:40.900,-1.0
2013-05-17 11:47:41,2013-05-17 11:47:41.900,-1.0
2013-05-17 11:47:42,2013-05-17 11:47:42.900,-1.0
2013-05-17 11:47:43,2013-05-17 11:47:43.900,-1.0
2013-05-17 11:47:44,2013-05-17 11:47:44.900,-1.0
2013-05-17 11:47:45,2013-05-17 11:47:45.900,-1.0
2013-05-17 11:47:46,2013-05-17 11:47:46.900,-1.0
2013-05-17 11:47:47,2013-05-17 11:47:47.900,-1.0
2013-05-17 11:47:48,2013-05-17 11:47:48.900,-1.0
2013-05-17 11:47:49,2013-05-17 11:47:49.900,-1.0
2013-05-17 11:47:50,2013-05-17 11:47:50.900,-1.0
2013-05-17 11:47:51,2013-05-17 11:47:51.900,-1.0
2013-05-17 11:47:52,2013-05-17 11:47:52.900,-1.0
2013-05-17 11:47:53,2013-05-17 11:47:53.900,-1.0
2013-05-17 11:47:54,2013-05-17 11:47:54.900,-1.0
2013-05-17 11:47:55,2013-05-17 11:47:55.900,-1.0
2013-05-17 11:47:56,2013-05-17 11:47:56.900,-1.0
2013-05-17 11:47:57,2013-05-17 11:47:57.900,-1.0
2013-05-17 11:47:58,2013-05-17 11:47:58.900,-1.0
2013-05-17 11:47:59,2013-05-17 11:47:59.900,-1.0
2013-05-17 11:48:00,2013-05-17 11:48:00.900,-1.0
2013-05-17 11:48:01,2013-05-17 11:48:01.900,-1.0
2013-05-17 11:57:02,2013-05-17 11:57:02.900,1.0
2013-05-17 11:57:03,2013-05-17 11:57:03.900,1.0
2013-05-17 11:57:04,2013-05-17 11:57:04.900,1.0
2013-05-17 11:57:05,2013-05-17 11:57:05.900,1.0
2013-05-17 11:57:06,2013-05-17 11:57:06.900,1.0
2013-05-17 11:57:07,2013-05-17 11:57:07.900,1.0
2013-05-17 11:57:08,2013-05-17 11:57:08.900,1.0
2013-05-17 11:57:09,2013-05-17 11:57:09.900,1.0
2013-05-17 11:57:10,2013-05-17 11:57:10.900,1.0
2013-05-17 11:57:11,2013-05-17 11:57:11.900,1.0
2013-05-17 11:57:12,2013-05-17 11:57:12.900,1.0
2013-05-17 12:01:37,2013-05-17 12:01:37.900,1.0
2013-05-17 12:01:38,2013-05-17 12:01:38.900,1.0
2013-05-17 12:01:39,2013-05-17 12:01:39.900,1.0
2013-05-17 12:01:40,2013-05-17 12:01:40.900,1.0
2013-05-17 12:01:41,2013-05-17 12:01:41.900,1.0
2013-05-17 12:01:42,2013-05-17 12:01:42.900,1.0
2013-05-17 12:01:43,2013-05-17 12:01:43.900,1.0
2013-05-17 12:01:44,2013-05-17 12:01:44.900,1.0
2013-05-17 12:01:45,2013-05-17 12:01:45.900,1.0
2013-05-17 12:01:46,2013-05-17 12:01:46.900,1.0
2013-05-17 12:01:47,2013-05-17 12:01:47.900,1.0
2013-05-17 12:01:48,2013-05-17 12:01:48.900,1.0
2013-05-17 12:01:49,2013-05-17 12:01:49.900,1.0
2013-05-17 12:01:50,2013-05-17 12:01:50.900,1.0
2013-05-17 12:10:09,2013-05-17 12:10:09.900,-1.0
2013-05-17 12:10:10,2013-05-17 12:10:10.900,-1.0
2013-05-17 12:10:11,2013-05-17 12:10:11.900,-1.0
2013-05-17 12:10:12,2013-05-17 12:10:12.900,-1.0
2013-05-17 12:10:13,2013-05-17 12:10:13.900,-1.0
2013-05-17 12:10:14,2013-05-17 12:10:14.900,-1.0
2013-05-17 12:10:15,2013-05-17 12:10:15.900,-1.0
2013-05-17 12:27:16,2013-05-17 12:27:16.900,-1.0
2013-05-17 12:27:17,2013-05-17 12:27:17.900,-1.0
2013-05-17 12:27:18,2013-05-17 12:27:18.900,-1.0
2013-05-17 12:27:19,2013-05-17 12:27:19.900,-1.0
2013-05-17 12:27:20,2013-05-17 12:27:20.900,-1.0
2013-05-17 12:42:27,2013-05-17 12:42:27.900,1.0
2013-05-17 12:42:28,2013-05-17 12:42:28.900,1.0
2013-05-17 12:42:29,2013-05-17 12:42:29.900,1.0
2013-05-17 12:58:19,2013-05-17 12:58:19.900,1.0
2013-05-17 12:58:20,2013-05-17 12:58:20.900,1.0
2013-05-17 12:58:21,2013-05-17 12:58:21.900,1.0
2013-05-17 12:58:22,2013-05-17 12:58:22.900,1.0
2013-05-17 12:58:23,2013-05-17 12:58:23.900,1.0
2013-05-17 12:58:24,2013-05-17 12:58:24.900,1.0
2013-05-17 12:58:25,2013-05-17 12:58:25.900,1.0
2013-05-17 12:58:26,2013-05-17 12:58:26.900,1.0
2013-05-17 12:58:27,2013-05-17 12:58:27.900,1.0
2013-05-17 12:58:28,2013-05-17 12:58:28.900,1.0
2013-05-17 12:58:29,2013-05-17 12:58:29.900,1.0
2013-05-17 12:58:30,2013-05-17 12:58:30.900,1.0
2013-05-17 12:58:31,2013-05-17 12:58:31.900,1.0
2013-05-17 12:58:32,2013-05-17 12:58:32.900,1.0
2013-05-17 12:58:33,2013-05-17 12:58:33.900,1.0
2013-05-17 12:58:34,2013-05-17 12:58:34.900,1.0
2013-05-17 12:58:35,2013-05-17 12:58:35.900,1.0
2013-05-17 12:58:36,2013-05-17 12:58:36.900,1.0
2013-05-17 12:58:37,2013-05-17 12:58:37.900,1.0
2013-05-17 12:58:38,2013-05-17 12:58:38.900,1.0
2013-05-17 12:58:39,2013-05-17 12:58:39.900,1.0
2013-05-17 13:15:46,2013-05-17 13:15:46.900,1.0
2013-05-17 13:15:47,2013-05-17 13:15:47.900,1.0
2013-05-17 13:15:48,2013-05-17 13:15:48.900,1.0
2013-05-17 13:15:49,2013-05-17 13:15:49.900,1.0
2013-05-17 13:15:50,2013-05-17 13:15:50.900,1.0
2013-05-17 13:15:51,2013-05-17 13:15:51.900,1.0
2013-05-17 13:15:52,2013-05-17 13:15:52.900,1.0
2013-05-17 13:15:53,2013-05-17 13:15:53.900,1.0
2013-05-17 13:15:54,2013-05-17 13:15:54.900,1.0
2013-05-17 13:15:55,2013-05-17 13:15:55.900,1.0
2013-05-17 13:15:56,2013-05-17 13:15:56.900,1.0
2013-05-17 13:15:57,2013-05-17 13:15:57.900,1.0
2013-05-17 13:15:58,2013-05-17 13:15:58.900,1.0
2013-05-17 14:26:45,2013-05-17 14:26:45.900,1.0
2013-05-17 14:26:46,2013-05-17 14:26:46.900,1.0
2013-05-17 14:26:47,2013-05-17 14:26:47.900,1.0
2013-05-17 14:39:28,2013-05-17 14:39:28.900,-1.0
2013-05-17 14:39:29,2013-05-17 14:39:29.900,-1.0
2013-05-17 14:39:30,2013-05-17 14:39:30.900,-1.0
2013-05-17 14:39:31,2013-05-17 14:39:31.900,-1.0
2013-05-17 14:39:32,2013-05-17 14:39:32.900,-1.0
2013-05-17 14:39:33,2013-05-17 14:39:33.900,-1.0
2013-05-17 14:39:34,2013-05-17 14:39:34.900,-1.0
2013-05-17 14:39:35,2013-05-17 14:39:35.900,-1.0
2013-05-17 14:39:36,2013-05-17 14:39:36.900,-1.0
2013-05-17 14:39:37,2013-05-17 14:39:37.900,-1.0
2013-05-17 14:39:38,2013-05-17 14:39:38.900,-1.0
2013-05-17 14:39:39,2013-05-17 14:39:39.900,-1.0
2013-05-17 14:39:40,2013-05-17 14:39:40.900,-1.0
2013-05-17 14:39:41,2013-05-17 14:39:41.900,-1.0
2013-05-17 14:39:42,2013-05-17 14:39:42.900,-1.0
2013-05-17 14:39:43,2013-05-17 14:39:43.900,-1.0
2013-05-17 14:39:44,2013-05-17 14:39:44.900,-1.0
2013-05-17 14:39:45,2013-05-17 14:39:45.900,-1.0
2013-05-17 14:39:46,2013-05-17 14:39:46.900,-1.0
2013-05-17 14:39:47,2013-05-17 14:39:47.900,-1.0
2013-05-17 14:39:48,2013-05-17 14:39:48.900,-1.0
2013-05-17 14:39:49,2013-05-17 14:39:49.900,-1.0
2013-05-17 14:39:50,2013-05-17 14:39:50.900,-1.0
2013-05-17 14:39:51,2013-05-17 14:39:51.900,-1.0
2013-05-17 14:39:52,2013-05-17 14:39:52.900,-1.0
2013-05-17 14:39:53,2013-05-17 14:39:53.900,-1.0
2013-05-17 14:39:54,2013-05-17 14:39:54.900,-1.0
2013-05-17 14:39:55,2013-05-17 14:39:55.900,-1.0
2013-05-17 14:39:56,2013-05-17 14:39:56.900,-1.0
2013-05-17 14:39:57,2013-05-17 14:39:57.900,-1.0
2013-05-17 14:39:58,2013-05-17 14:39:58.900,-1.0
2013-05-17 14:39:59,2013-05-17 14:39:59.900,-1.0
