,OUTSTANDING_BALANCE_0,OUTSTANDING_BALANCE_100,OUTSTANDING_BALANCE_1000,OUTSTANDING_BALANCE_10000,OUTSTANDING_INVENTORY_0,OUTSTANDING_INVENTORY_100,OUTSTANDING_INVENTORY_1000,OUTSTANDING_INVENTORY_10000
2017-05-16 09:30:00.100,10000,10000,10000,10000,0,0,0,0
2017-05-16 10:07:17.900,20000,,,,-145.92149423610098,,,
2017-05-16 10:07:18.900,,,20000,,,,-145.90020426028596,
2017-05-16 10:07:19.900,,,,,,,,
2017-05-16 10:07:20.900,,,,,,,,
2017-05-16 10:07:21.900,,,,,,,,
2017-05-16 10:07:22.900,,,,,,,,
2017-05-16 10:07:23.900,,,,,,,,
2017-05-16 10:07:24.900,,,,,,,,
2017-05-16 10:15:48.900,10016.05136436597,,,,0,,,
2017-05-16 10:15:49.900,0,,10017.508024511235,,146.39069518219776,,0,
2017-05-16 10:15:50.900,,,0,,,,146.41198515801278,
2017-05-16 10:15:51.900,,,,,,,,
2017-05-16 10:15:52.900,,,,,,,,
2017-05-16 10:15:53.900,,,,,,,,
2017-05-16 10:15:54.900,,,,,,,,
2017-05-16 10:15:55.900,,,,,,,,
2017-05-16 10:15:56.900,,,,,,,,
2017-05-16 10:15:57.900,,,,,,,,
2017-05-16 10:15:58.900,,,,10016.05136436597,,,,0
2017-05-16 10:15:59.900,,,,10016.05136436597,,,,0
2017-05-16 10:16:00.900,,,,10016.05136436597,,,,0
2017-05-16 10:16:01.900,,,,10016.05136436597,,,,0
2017-05-16 10:16:02.900,,,,10016.05136436597,,,,0
2017-05-16 10:16:03.900,,,,10016.05136436597,,,,0
2017-05-16 10:16:04.900,,,,10016.05136436597,,,,0
2017-05-16 10:16:05.900,,,,10016.05136436597,,,,0
2017-05-16 10:16:06.900,,,,10016.05136436597,,,,0
2017-05-16 10:16:07.900,,,,10016.05136436597,,,,0
2017-05-16 10:16:08.900,,,,10016.05136436597,,,,0
2017-05-16 10:16:09.900,,,,10016.05136436597,,,,0
2017-05-16 10:16:10.900,,,,10016.05136436597,,,,0
2017-05-16 10:16:11.900,,,,10016.05136436597,,,,0
2017-05-16 10:16:12.900,,,,10016.05136436597,,,,0
2017-05-16 10:16:13.900,,,,10016.05136436597,,,,0
2017-05-16 10:16:14.900,,,,10016.05136436597,,,,0
2017-05-16 10:16:15.900,,,,10016.05136436597,,,,0
2017-05-16 10:16:16.900,,,,10016.05136436597,,,,0
2017-05-16 10:16:17.900,,,,10016.05136436597,,,,0
2017-05-16 10:16:18.900,,,,10016.05136436597,,,,0
2017-05-16 10:16:19.900,,,,10016.05136436597,,,,0
2017-05-16 10:16:20.900,,,,10016.05136436597,,,,0
2017-05-16 10:16:21.900,,,,10016.05136436597,,,,0
2017-05-16 10:16:22.900,,,,10016.05136436597,,,,0
2017-05-16 10:16:23.900,,,,10016.05136436597,,,,0
2017-05-16 10:16:24.900,,,,10016.05136436597,,,,0
2017-05-16 10:16:25.900,,,,10016.05136436597,,,,0
2017-05-16 10:16:26.900,,,,10016.05136436597,,,,0
2017-05-16 10:16:27.900,,,,10016.05136436597,,,,0
2017-05-16 10:16:28.900,,,,10016.05136436597,,,,0
2017-05-16 10:16:29.900,,,,10016.05136436597,,,,0
2017-05-16 10:16:30.900,,,,10016.05136436597,,,,0
2017-05-16 10:16:31.900,,,,10016.05136436597,,,,0
2017-05-16 10:16:32.900,,,,10016.05136436597,,,,0
2017-05-16 10:16:33.900,,,,10016.05136436597,,,,0
2017-05-16 10:16:34.900,,,,10016.05136436597,,,,0
2017-05-16 10:16:35.900,,,,10016.05136436597,,,,0
2017-05-16 10:16:36.900,,,,10016.05136436597,,,,0
2017-05-16 10:16:37.900,,,,10016.05136436597,,,,0
2017-05-16 10:16:38.900,,,,10016.05136436597,,,,0
2017-05-16 10:16:39.900,,,,10016.05136436597,,,,0
2017-05-16 10:16:40.900,,,,10016.05136436597,,,,0
2017-05-16 10:16:41.900,,,,10016.05136436597,,,,0
2017-05-16 10:16:42.900,,,,10016.05136436597,,,,0
2017-05-16 10:16:43.900,,,,10016.05136436597,,,,0
2017-05-16 10:16:44.900,,,,10016.05136436597,,,,0
2017-05-16 10:16:45.900,,,,10016.05136436597,,,,0
2017-05-16 10:16:46.900,,,,10016.05136436597,,,,0
2017-05-16 10:16:47.900,,,,10017.510579308333,,,,0
2017-05-16 10:16:48.900,,,,10017.510579308333,,,,0
2017-05-16 10:16:49.900,,,,10017.510579308333,,,,0
2017-05-16 10:16:50.900,,,,10017.510579308333,,,,0
2017-05-16 10:16:51.900,,,,10017.510579308333,,,,0
2017-05-16 10:16:52.900,,,,10018.969794250692,,,,0
2017-05-16 10:16:53.900,,,,10018.969794250692,,,,0
2017-05-16 10:16:54.900,,,,10018.969794250692,,,,0
2017-05-16 10:16:55.900,,,,10018.969794250692,,,,0
2017-05-16 10:16:56.900,,,,10020.429009193054,,,,0
2017-05-16 10:16:57.900,,,,10020.429009193054,,,,0
2017-05-16 10:16:58.900,,,,10020.429009193054,,,,0
2017-05-16 10:16:59.900,,,,10020.429009193054,,,,0
2017-05-16 10:17:00.900,,,,10020.429009193054,,,,0
2017-05-16 10:17:01.900,,,,10020.429009193054,,,,0
2017-05-16 10:17:02.900,,,,10020.429009193054,,,,0
2017-05-16 10:17:03.900,,,,10020.429009193054,,,,0
2017-05-16 10:17:04.900,,,,10020.429009193054,,,,0
2017-05-16 10:17:05.900,,,,10020.429009193054,,,,0
2017-05-16 10:17:06.900,,,,10020.429009193054,,,,0
2017-05-16 10:17:07.900,,,,10020.429009193054,,,,0
2017-05-16 10:17:08.900,,,,10020.429009193054,,,,0
2017-05-16 10:17:09.900,,,,10020.429009193054,,,,0
2017-05-16 10:17:10.900,,,,10020.429009193054,,,,0
2017-05-16 10:17:11.900,,,,10020.429009193054,,,,0
2017-05-16 10:17:12.900,,,,10020.429009193054,,,,0
2017-05-16 10:17:13.900,,,,10020.429009193054,,,,0
2017-05-16 10:17:14.900,,,,10020.429009193054,,,,0
2017-05-16 10:17:15.900,,,,10020.429009193054,,,,0
2017-05-16 10:17:16.900,,,,10020.429009193054,,,,0
2017-05-16 10:17:17.900,,,,10020.429009193054,,,,0
2017-05-16 10:17:18.900,,,,10020.429009193054,,,,0
2017-05-16 10:17:19.900,,,,10020.429009193054,,,,0
2017-05-16 10:17:20.900,,,,10020.429009193054,,,,0
2017-05-16 10:17:21.900,,,,10020.429009193054,,,,0
2017-05-16 10:17:22.900,,,,10020.429009193054,,,,0
2017-05-16 10:17:23.900,,,,10020.429009193054,,,,0
2017-05-16 10:17:24.900,,,,10020.429009193054,,,,0
2017-05-16 10:17:25.900,,,,10020.429009193054,,,,0
2017-05-16 10:17:26.900,,,,10020.429009193054,,,,0
2017-05-16 10:17:27.900,,,,10020.429009193054,,,,0
2017-05-16 10:17:28.900,,,,10020.429009193054,,,,0
2017-05-16 10:17:29.900,,,,10020.429009193054,,,,0
2017-05-16 10:17:30.900,,,,10020.429009193054,,,,0
2017-05-16 10:17:31.900,,,,10020.429009193054,,,,0
2017-05-16 10:17:32.900,,,,10020.429009193054,,,,0
2017-05-16 10:17:33.900,,,,10020.429009193054,,,,0
2017-05-16 10:17:34.900,,,,10020.429009193054,,,,0
2017-05-16 10:17:35.900,,,,10020.429009193054,,,,0
2017-05-16 10:17:36.900,,,,10020.429009193054,,,,0
2017-05-16 10:17:37.900,,,,10020.429009193054,,,,0
2017-05-16 10:17:38.900,,,,10020.429009193054,,,,0
2017-05-16 10:17:39.900,,,,10020.429009193054,,,,0
2017-05-16 10:17:40.900,,,,10020.429009193054,,,,0
2017-05-16 10:17:41.900,,,,10020.429009193054,,,,0
2017-05-16 10:17:42.900,,,,10020.429009193054,,,,0
2017-05-16 10:17:43.900,,,,10020.429009193054,,,,0
2017-05-16 10:17:44.900,,,,10020.429009193054,,,,0
2017-05-16 10:17:45.900,,,,10020.429009193054,,,,0
2017-05-16 10:25:27.900,,,,,,,,
2017-05-16 10:25:28.900,,,,,,,,
2017-05-16 10:25:29.900,,,,,,,,
2017-05-16 10:25:30.900,,,,,,,,
2017-05-16 10:25:31.900,,,,,,,,
2017-05-16 10:25:32.900,,,,,,,,
2017-05-16 10:25:33.900,,,,,,,,
2017-05-16 10:25:34.900,,,,,,,,
2017-05-16 10:25:35.900,,,,,,,,
2017-05-16 10:25:36.900,,,,,,,,
2017-05-16 10:25:37.900,,,,,,,,
2017-05-16 10:25:38.900,,,,,,,,
2017-05-16 10:25:39.900,,,,,,,,
2017-05-16 10:25:40.900,,,,,,,,
2017-05-16 10:25:41.900,,,,,,,,
2017-05-16 10:25:42.900,,,,,,,,
2017-05-16 10:25:43.900,,,,,,,,
2017-05-16 10:25:44.900,,,,,,,,
2017-05-16 10:49:58.900,,,,,,,,
2017-05-16 10:49:59.900,,,,,,,,
2017-05-16 10:50:00.900,,,,,,,,
2017-05-16 10:50:01.900,,,,,,,,
2017-05-16 10:50:02.900,,,,,,,,
2017-05-16 10:50:03.900,,,,,,,,
2017-05-16 10:50:04.900,,,,,,,,
2017-05-16 10:50:05.900,,,,,,,,
2017-05-16 10:50:06.900,,,,,,,,
2017-05-16 10:50:07.900,,,,,,,,
2017-05-16 10:50:08.900,,,,,,,,
2017-05-16 10:50:09.900,,,,,,,,
2017-05-16 10:50:10.900,,,,,,,,
2017-05-16 10:50:11.900,,,,,,,,
2017-05-16 10:50:12.900,,,,,,,,
2017-05-16 10:50:13.900,,,,,,,,
2017-05-16 10:50:14.900,,,,,,,,
2017-05-16 10:50:15.900,,,,,,,,
2017-05-16 10:50:16.900,,,,,,,,
2017-05-16 10:50:17.900,,,,,,,,
2017-05-16 10:50:18.900,,,,,,,,
2017-05-16 10:50:19.900,,,,,,,,
2017-05-16 10:55:55.900,10023.37089912508,,,,0,,,
2017-05-16 10:55:56.900,20046.74179825016,,10024.828623769135,,-146.39069518219776,,0,
2017-05-16 10:55:57.900,,,20049.65724753827,,,,-146.41198515801278,
2017-05-16 10:55:58.900,,,,,,,,
2017-05-16 10:55:59.900,,,,,,,,
2017-05-16 10:56:00.900,,,,,,,,
2017-05-16 10:56:01.900,,,,,,,,
2017-05-16 10:56:02.900,,,,,,,,
2017-05-16 10:56:03.900,,,,,,,,
2017-05-16 10:56:04.900,,,,,,,,
2017-05-16 10:56:05.900,,,,10029.223125911474,,,,0
2017-05-16 10:56:06.900,,,,10029.223125911474,,,,0
2017-05-16 10:56:07.900,,,,10029.223125911474,,,,0
2017-05-16 10:56:08.900,,,,10029.223125911474,,,,0
2017-05-16 10:56:09.900,,,,10029.223125911474,,,,0
2017-05-16 10:56:10.900,,,,10029.223125911474,,,,0
2017-05-16 10:56:11.900,,,,10029.223125911474,,,,0
2017-05-16 10:56:12.900,,,,10030.687887577302,,,,0
2017-05-16 10:56:13.900,,,,10030.687887577302,,,,0
2017-05-16 10:56:14.900,,,,10030.687887577302,,,,0
2017-05-16 10:56:15.900,,,,10032.152649243126,,,,0
2017-05-16 11:01:42.900,,,,,,,,
2017-05-16 11:01:43.900,,,,,,,,
2017-05-16 11:01:44.900,,,,,,,,
2017-05-16 11:01:45.900,,,,,,,,
2017-05-16 11:01:49.900,,,,,,,,
2017-05-16 11:01:50.900,,,,,,,,
2017-05-16 11:01:51.900,,,,,,,,
2017-05-16 11:01:52.900,,,,,,,,
2017-05-16 11:01:53.900,,,,,,,,
2017-05-16 11:02:09.900,,,,,,,,
2017-05-16 11:02:10.900,,,,,,,,
2017-05-16 11:02:11.900,,,,,,,,
2017-05-16 11:02:12.900,,,,,,,,
2017-05-16 11:02:13.900,,,,,,,,
2017-05-16 11:02:14.900,,,,,,,,
2017-05-16 11:02:15.900,,,,,,,,
2017-05-16 11:02:16.900,,,,,,,,
2017-05-16 11:02:17.900,,,,,,,,
2017-05-16 11:02:18.900,,,,,,,,
2017-05-16 11:02:19.900,,,,,,,,
2017-05-16 11:02:20.900,,,,,,,,
2017-05-16 11:02:21.900,,,,,,,,
2017-05-16 11:02:22.900,,,,,,,,
2017-05-16 11:02:23.900,,,,,,,,
2017-05-16 11:02:24.900,,,,,,,,
2017-05-16 11:02:25.900,,,,,,,,
2017-05-16 11:02:26.900,,,,,,,,
2017-05-16 11:02:27.900,,,,,,,,
2017-05-16 11:02:28.900,,,,,,,,
2017-05-16 11:02:29.900,,,,,,,,
2017-05-16 11:02:30.900,,,,,,,,
2017-05-16 11:02:31.900,,,,,,,,
2017-05-16 11:02:32.900,,,,,,,,
2017-05-16 11:02:33.900,,,,,,,,
2017-05-16 11:02:34.900,,,,,,,,
2017-05-16 11:02:35.900,,,,,,,,
2017-05-16 11:02:36.900,,,,,,,,
2017-05-16 11:02:37.900,,,,,,,,
2017-05-16 11:02:38.900,,,,,,,,
2017-05-16 11:02:39.900,,,,,,,,
2017-05-16 11:02:40.900,,,,,,,,
2017-05-16 11:02:41.900,,,,,,,,
2017-05-16 11:02:42.900,,,,,,,,
2017-05-16 11:02:43.900,,,,,,,,
2017-05-16 11:02:44.900,,,,,,,,
2017-05-16 11:02:45.900,,,,,,,,
2017-05-16 11:02:46.900,,,,,,,,
2017-05-16 11:02:47.900,,,,,,,,
2017-05-16 11:13:49.900,,,,,,,,
2017-05-16 11:13:50.900,,,,,,,,
2017-05-16 11:13:51.900,,,,,,,,
2017-05-16 11:13:52.900,,,,,,,,
2017-05-16 11:13:53.900,,,,,,,,
2017-05-16 11:13:54.900,,,,,,,,
2017-05-16 11:13:55.900,,,,,,,,
2017-05-16 11:13:56.900,,,,,,,,
2017-05-16 11:13:57.900,,,,,,,,
2017-05-16 11:13:58.900,,,,,,,,
2017-05-16 11:13:59.900,,,,,,,,
2017-05-16 11:14:00.900,,,,,,,,
2017-05-16 11:27:48.900,,,,,,,,
2017-05-16 11:36:26.900,9985.30931837771,,,,0,,,
2017-05-16 11:36:27.900,0,,9986.761507628053,,145.28312699516528,,0,
2017-05-16 11:36:28.900,,,0,,,,145.30425589448643,
2017-05-16 11:36:29.900,,,,,,,,
2017-05-16 11:36:30.900,,,,,,,,
2017-05-16 11:36:31.900,,,,,,,,
2017-05-16 11:36:32.900,,,,,,,,
2017-05-16 11:36:33.900,,,,,,,,
2017-05-16 11:36:34.900,,,,,,,,
2017-05-16 11:36:35.900,,,,,,,,
2017-05-16 11:36:36.900,,,,9994.06884593165,,,,0
2017-05-16 11:36:37.900,,,,9994.06884593165,,,,0
2017-05-16 11:36:38.900,,,,9994.06884593165,,,,0
2017-05-16 11:36:39.900,,,,9994.06884593165,,,,0
2017-05-16 11:36:40.900,,,,9995.533607597476,,,,0
2017-05-16 11:36:41.900,,,,9995.533607597476,,,,0
2017-05-16 11:36:42.900,,,,9995.533607597476,,,,0
2017-05-16 11:36:43.900,,,,9995.533607597476,,,,0
2017-05-16 11:36:44.900,,,,9995.533607597476,,,,0
2017-05-16 11:36:45.900,,,,9995.533607597476,,,,0
2017-05-16 11:36:46.900,,,,9995.533607597476,,,,0
2017-05-16 11:36:47.900,,,,9995.533607597476,,,,0
2017-05-16 11:36:48.900,,,,9995.533607597476,,,,0
2017-05-16 11:36:49.900,,,,9995.533607597476,,,,0
2017-05-16 11:36:50.900,,,,9995.533607597476,,,,0
2017-05-16 11:36:51.900,,,,9995.533607597476,,,,0
2017-05-16 11:36:52.900,,,,9995.533607597476,,,,0
2017-05-16 11:36:53.900,,,,9995.533607597476,,,,0
2017-05-16 11:36:54.900,,,,9995.533607597476,,,,0
2017-05-16 11:36:55.900,,,,9995.533607597476,,,,0
2017-05-16 11:36:56.900,,,,9995.533607597476,,,,0
2017-05-16 11:36:57.900,,,,9996.998369263303,,,,0
2017-05-16 11:36:58.900,,,,9996.998369263303,,,,0
2017-05-16 11:36:59.900,,,,9996.998369263303,,,,0
2017-05-16 11:37:00.900,,,,9996.998369263303,,,,0
2017-05-16 11:37:01.900,,,,9996.998369263303,,,,0
2017-05-16 11:37:02.900,,,,9996.998369263303,,,,0
2017-05-16 11:37:03.900,,,,9996.998369263303,,,,0
2017-05-16 11:37:04.900,,,,9996.998369263303,,,,0
2017-05-16 11:37:05.900,,,,9996.998369263303,,,,0
2017-05-16 11:37:48.900,,,,,,,,
2017-05-16 11:37:49.900,,,,,,,,
2017-05-16 11:37:50.900,,,,,,,,
2017-05-16 11:37:51.900,,,,,,,,
2017-05-16 11:37:52.900,,,,,,,,
2017-05-16 11:37:53.900,,,,,,,,
2017-05-16 11:37:54.900,,,,,,,,
2017-05-16 11:37:55.900,,,,,,,,
2017-05-16 11:44:51.900,,,,,,,,
2017-05-16 11:44:52.900,,,,,,,,
2017-05-16 11:44:53.900,,,,,,,,
2017-05-16 11:44:54.900,,,,,,,,
2017-05-16 11:44:55.900,,,,,,,,
2017-05-16 11:44:56.900,,,,,,,,
2017-05-16 11:44:57.900,,,,,,,,
2017-05-16 11:44:58.900,,,,,,,,
2017-05-16 11:44:59.900,,,,,,,,
2017-05-16 11:45:00.900,,,,,,,,
2017-05-16 11:45:01.900,,,,,,,,
2017-05-16 11:45:02.900,,,,,,,,
2017-05-16 11:45:03.900,,,,,,,,
2017-05-16 11:45:04.900,,,,,,,,
2017-05-16 11:45:05.900,,,,,,,,
2017-05-16 11:45:06.900,,,,,,,,
2017-05-16 11:45:07.900,,,,,,,,
2017-05-16 11:45:08.900,,,,,,,,
2017-05-16 11:45:09.900,,,,,,,,
2017-05-16 11:45:10.900,,,,,,,,
2017-05-16 11:45:11.900,,,,,,,,
2017-05-16 11:45:12.900,,,,,,,,
2017-05-16 11:45:13.900,,,,,,,,
2017-05-16 11:49:15.900,9982.403655837805,,,,0,,,
2017-05-16 11:49:16.900,19964.80731167561,,9983.855422510162,,-145.28312699516528,,0,
2017-05-16 11:49:17.900,,,19967.710845020323,,,,-145.30425589448643,
2017-05-16 11:49:18.900,,,,,,,,
2017-05-16 11:49:19.900,,,,,,,,
2017-05-16 11:49:20.900,,,,,,,,
2017-05-16 11:49:21.900,,,,,,,,
2017-05-16 11:49:22.900,,,,,,,,
2017-05-16 11:49:23.900,,,,,,,,
2017-05-16 11:49:24.900,,,,,,,,
2017-05-16 11:49:25.900,,,,9994.079077095788,,,,0
2017-05-16 11:49:26.900,,,,9994.079077095788,,,,0
2017-05-16 11:49:27.900,,,,9994.079077095788,,,,0
2017-05-16 11:49:28.900,,,,9994.079077095788,,,,0
2017-05-16 11:49:29.900,,,,9994.079077095788,,,,0
2017-05-16 11:49:30.900,,,,9994.079077095788,,,,0
2017-05-16 11:49:31.900,,,,9994.079077095788,,,,0
2017-05-16 11:49:32.900,,,,9994.079077095788,,,,0
2017-05-16 11:49:33.900,,,,9994.079077095788,,,,0
2017-05-16 11:49:34.900,,,,9994.079077095788,,,,0
2017-05-16 11:49:35.900,,,,9994.079077095788,,,,0
2017-05-16 11:49:36.900,,,,9994.079077095788,,,,0
2017-05-16 11:49:37.900,,,,9994.079077095788,,,,0
2017-05-16 11:49:38.900,,,,9994.079077095788,,,,0
2017-05-16 11:49:39.900,,,,9994.079077095788,,,,0
2017-05-16 11:49:40.900,,,,9994.079077095788,,,,0
2017-05-16 11:49:41.900,,,,9994.079077095788,,,,0
2017-05-16 11:49:42.900,,,,9994.079077095788,,,,0
2017-05-16 11:49:43.900,,,,9994.079077095788,,,,0
2017-05-16 11:49:44.900,,,,9994.079077095788,,,,0
2017-05-16 11:49:45.900,,,,9994.079077095788,,,,0
2017-05-16 11:49:46.900,,,,9994.079077095788,,,,0
2017-05-16 11:49:47.900,,,,9994.079077095788,,,,0
2017-05-16 11:49:48.900,,,,9994.079077095788,,,,0
2017-05-16 11:49:49.900,,,,9994.079077095788,,,,0
2017-05-16 11:49:50.900,,,,9995.533607597476,,,,0
2017-05-16 11:49:51.900,,,,9995.533607597476,,,,0
2017-05-16 11:49:52.900,,,,9996.988138099165,,,,0
2017-05-16 11:49:53.900,,,,9996.988138099165,,,,0
2017-05-16 11:49:54.900,,,,9998.44266860085,,,,0
2017-05-16 11:49:55.900,,,,9998.44266860085,,,,0
2017-05-16 11:49:56.900,,,,9999.89719910254,,,,0
2017-05-16 11:49:57.900,,,,9999.89719910254,,,,0
2017-05-16 11:50:24.900,,,,,,,,
2017-05-16 11:50:25.900,,,,,,,,
2017-05-16 11:50:26.900,,,,,,,,
2017-05-16 11:50:27.900,,,,,,,,
2017-05-16 11:50:28.900,,,,,,,,
2017-05-16 11:50:29.900,,,,,,,,
2017-05-16 11:50:30.900,,,,,,,,
2017-05-16 11:50:31.900,,,,,,,,
2017-05-16 11:50:32.900,,,,,,,,
2017-05-16 11:50:33.900,,,,,,,,
2017-05-16 11:50:34.900,,,,,,,,
2017-05-16 11:50:35.900,,,,,,,,
2017-05-16 11:50:36.900,,,,,,,,
2017-05-16 11:50:37.900,,,,,,,,
2017-05-16 11:50:38.900,,,,,,,,
2017-05-16 11:50:39.900,,,,,,,,
2017-05-16 11:50:40.900,,,,,,,,
2017-05-16 11:50:41.900,,,,,,,,
2017-05-16 11:50:42.900,,,,,,,,
2017-05-16 11:50:43.900,,,,,,,,
2017-05-16 12:13:30.900,,,,,,,,
2017-05-16 12:13:31.900,,,,,,,,
2017-05-16 12:13:32.900,,,,,,,,
2017-05-16 12:13:33.900,,,,,,,,
2017-05-16 12:13:34.900,,,,,,,,
2017-05-16 12:13:35.900,,,,,,,,
2017-05-16 12:13:36.900,,,,,,,,
2017-05-16 12:13:37.900,,,,,,,,
2017-05-16 12:13:38.900,,,,,,,,
2017-05-16 12:13:39.900,,,,,,,,
2017-05-16 12:13:40.900,,,,,,,,
2017-05-16 12:13:41.900,,,,,,,,
2017-05-16 12:13:42.900,,,,,,,,
2017-05-16 12:13:43.900,,,,,,,,
2017-05-16 12:13:44.900,,,,,,,,
2017-05-16 12:13:45.900,,,,,,,,
2017-05-16 12:13:46.900,,,,,,,,
2017-05-16 12:13:47.900,,,,,,,,
2017-05-16 12:13:48.900,,,,,,,,
2017-05-16 12:13:49.900,,,,,,,,
2017-05-16 12:13:50.900,,,,,,,,
2017-05-16 12:13:51.900,,,,,,,,
2017-05-16 12:13:52.900,,,,,,,,
2017-05-16 12:13:53.900,,,,,,,,
2017-05-16 12:13:54.900,,,,,,,,
2017-05-16 12:13:55.900,,,,,,,,
2017-05-16 12:13:56.900,,,,,,,,
2017-05-16 12:14:18.900,,,,,,,,
2017-05-16 12:14:19.900,,,,,,,,
2017-05-16 12:14:20.900,,,,,,,,
2017-05-16 12:14:21.900,,,,,,,,
2017-05-16 12:14:22.900,,,,,,,,
2017-05-16 12:14:23.900,,,,,,,,
2017-05-16 12:14:24.900,,,,,,,,
2017-05-16 12:14:25.900,,,,,,,,
2017-05-16 12:14:26.900,,,,,,,,
2017-05-16 12:14:27.900,,,,,,,,
2017-05-16 12:14:28.900,,,,,,,,
2017-05-16 12:14:29.900,,,,,,,,
2017-05-16 12:14:30.900,,,,,,,,
2017-05-16 12:14:31.900,,,,,,,,
2017-05-16 12:14:32.900,,,,,,,,
2017-05-16 12:14:33.900,,,,,,,,
2017-05-16 12:14:34.900,,,,,,,,
2017-05-16 12:14:35.900,,,,,,,,
2017-05-16 12:14:36.900,,,,,,,,
2017-05-16 12:14:37.900,,,,,,,,
2017-05-16 12:14:38.900,,,,,,,,
2017-05-16 12:14:39.900,,,,,,,,
2017-05-16 12:14:40.900,,,,,,,,
2017-05-16 12:14:41.900,,,,,,,,
2017-05-16 12:14:42.900,,,,,,,,
2017-05-16 12:14:43.900,,,,,,,,
2017-05-16 12:14:44.900,,,,,,,,
2017-05-16 12:14:45.900,,,,,,,,
2017-05-16 12:14:46.900,,,,,,,,
2017-05-16 12:14:47.900,,,,,,,,
2017-05-16 12:14:48.900,,,,,,,,
2017-05-16 12:14:49.900,,,,,,,,
2017-05-16 12:14:50.900,,,,,,,,
2017-05-16 12:14:51.900,,,,,,,,
2017-05-16 12:14:52.900,,,,,,,,
2017-05-16 12:14:53.900,,,,,,,,
2017-05-16 12:14:54.900,,,,,,,,
2017-05-16 12:14:55.900,,,,,,,,
2017-05-16 12:14:56.900,,,,,,,,
2017-05-16 12:14:57.900,,,,,,,,
2017-05-16 12:14:58.900,,,,,,,,
2017-05-16 12:14:59.900,,,,,,,,
2017-05-16 12:15:00.900,,,,,,,,
2017-05-16 12:15:01.900,,,,,,,,
2017-05-16 12:15:02.900,,,,,,,,
2017-05-16 12:15:03.900,,,,,,,,
2017-05-16 12:15:04.900,,,,,,,,
2017-05-16 12:15:05.900,,,,,,,,
2017-05-16 12:15:06.900,,,,,,,,
2017-05-16 12:15:07.900,,,,,,,,
2017-05-16 12:15:08.900,,,,,,,,
2017-05-16 12:15:09.900,,,,,,,,
2017-05-16 12:15:10.900,,,,,,,,
2017-05-16 12:15:11.900,,,,,,,,
2017-05-16 12:15:12.900,,,,,,,,
2017-05-16 12:15:13.900,,,,,,,,
2017-05-16 12:15:14.900,,,,,,,,
2017-05-16 12:15:15.900,,,,,,,,
2017-05-16 12:15:16.900,,,,,,,,
2017-05-16 12:15:17.900,,,,,,,,
2017-05-16 12:15:18.900,,,,,,,,
2017-05-16 12:15:19.900,,,,,,,,
2017-05-16 12:15:20.900,,,,,,,,
2017-05-16 12:15:21.900,,,,,,,,
2017-05-16 12:15:22.900,,,,,,,,
2017-05-16 12:15:23.900,,,,,,,,
2017-05-16 12:15:24.900,,,,,,,,
2017-05-16 12:15:25.900,,,,,,,,
2017-05-16 12:15:26.900,,,,,,,,
2017-05-16 12:15:27.900,,,,,,,,
2017-05-16 12:15:28.900,,,,,,,,
2017-05-16 12:15:29.900,,,,,,,,
2017-05-16 12:15:30.900,,,,,,,,
2017-05-16 12:15:31.900,,,,,,,,
2017-05-16 12:15:32.900,,,,,,,,
2017-05-16 12:15:33.900,,,,,,,,
2017-05-16 12:15:34.900,,,,,,,,
2017-05-16 12:15:35.900,,,,,,,,
2017-05-16 12:15:36.900,,,,,,,,
2017-05-16 12:15:37.900,,,,,,,,
2017-05-16 12:15:38.900,,,,,,,,
2017-05-16 12:15:39.900,,,,,,,,
2017-05-16 12:15:40.900,,,,,,,,
2017-05-16 12:15:41.900,,,,,,,,
2017-05-16 12:15:42.900,,,,,,,,
2017-05-16 12:15:43.900,,,,,,,,
2017-05-16 12:15:44.900,,,,,,,,
2017-05-16 12:15:45.900,,,,,,,,
2017-05-16 12:15:46.900,,,,,,,,
2017-05-16 12:15:47.900,,,,,,,,
2017-05-16 12:15:48.900,,,,,,,,
2017-05-16 12:15:49.900,,,,,,,,
2017-05-16 12:15:50.900,,,,,,,,
2017-05-16 12:15:51.900,,,,,,,,
2017-05-16 12:15:52.900,,,,,,,,
2017-05-16 12:15:53.900,,,,,,,,
2017-05-16 12:15:54.900,,,,,,,,
2017-05-16 12:15:55.900,,,,,,,,
2017-05-16 12:15:56.900,,,,,,,,
2017-05-16 12:15:57.900,,,,,,,,
2017-05-16 12:15:58.900,,,,,,,,
2017-05-16 12:15:59.900,,,,,,,,
2017-05-16 12:16:00.900,,,,,,,,
2017-05-16 12:16:01.900,,,,,,,,
2017-05-16 12:16:02.900,,,,,,,,
2017-05-16 12:16:03.900,,,,,,,,
2017-05-16 12:16:04.900,,,,,,,,
2017-05-16 12:16:05.900,,,,,,,,
2017-05-16 12:16:06.900,,,,,,,,
2017-05-16 12:16:07.900,,,,,,,,
2017-05-16 12:16:08.900,,,,,,,,
2017-05-16 12:16:09.900,,,,,,,,
2017-05-16 12:16:10.900,,,,,,,,
2017-05-16 12:16:11.900,,,,,,,,
2017-05-16 12:16:12.900,,,,,,,,
2017-05-16 12:16:13.900,,,,,,,,
2017-05-16 12:16:14.900,,,,,,,,
2017-05-16 12:16:15.900,,,,,,,,
2017-05-16 12:16:16.900,,,,,,,,
2017-05-16 12:16:17.900,,,,,,,,
2017-05-16 12:16:18.900,,,,,,,,
2017-05-16 12:16:19.900,,,,,,,,
2017-05-16 12:16:20.900,,,,,,,,
2017-05-16 12:16:21.900,,,,,,,,
2017-05-16 12:16:22.900,,,,,,,,
2017-05-16 12:16:23.900,,,,,,,,
2017-05-16 12:16:24.900,,,,,,,,
2017-05-16 12:16:25.900,,,,,,,,
2017-05-16 12:16:26.900,,,,,,,,
2017-05-16 12:16:27.900,,,,,,,,
2017-05-16 12:19:40.900,,,,,,,,
2017-05-16 12:19:41.900,,,,,,,,
2017-05-16 12:19:42.900,,,,,,,,
2017-05-16 12:19:43.900,,,,,,,,
2017-05-16 12:19:44.900,,,,,,,,
2017-05-16 12:19:45.900,,,,,,,,
2017-05-16 12:19:46.900,,,,,,,,
2017-05-16 12:19:47.900,,,,,,,,
2017-05-16 12:19:48.900,,,,,,,,
2017-05-16 12:19:49.900,,,,,,,,
2017-05-16 12:19:50.900,,,,,,,,
2017-05-16 12:19:51.900,,,,,,,,
2017-05-16 12:19:52.900,,,,,,,,
2017-05-16 12:19:53.900,,,,,,,,
2017-05-16 12:19:54.900,,,,,,,,
2017-05-16 12:19:55.900,,,,,,,,
2017-05-16 12:19:56.900,,,,,,,,
2017-05-16 12:19:57.900,,,,,,,,
2017-05-16 12:19:58.900,,,,,,,,
2017-05-16 12:19:59.900,,,,,,,,
2017-05-16 12:20:00.900,,,,,,,,
2017-05-16 12:20:01.900,,,,,,,,
2017-05-16 12:20:02.900,,,,,,,,
2017-05-16 12:20:03.900,,,,,,,,
2017-05-16 12:20:04.900,,,,,,,,
2017-05-16 12:20:05.900,,,,,,,,
2017-05-16 12:20:06.900,,,,,,,,
2017-05-16 12:20:07.900,,,,,,,,
2017-05-16 12:20:08.900,,,,,,,,
2017-05-16 12:20:09.900,,,,,,,,
2017-05-16 12:20:10.900,,,,,,,,
2017-05-16 12:20:11.900,,,,,,,,
2017-05-16 12:20:12.900,,,,,,,,
2017-05-16 12:20:13.900,,,,,,,,
2017-05-16 12:20:14.900,,,,,,,,
2017-05-16 12:20:15.900,,,,,,,,
2017-05-16 12:20:16.900,,,,,,,,
2017-05-16 12:20:17.900,,,,,,,,
2017-05-16 12:20:18.900,,,,,,,,
2017-05-16 12:20:19.900,,,,,,,,
2017-05-16 12:20:20.900,,,,,,,,
2017-05-16 12:20:21.900,,,,,,,,
2017-05-16 12:20:22.900,,,,,,,,
2017-05-16 12:20:23.900,,,,,,,,
2017-05-16 12:20:24.900,,,,,,,,
2017-05-16 12:20:25.900,,,,,,,,
2017-05-16 12:20:26.900,,,,,,,,
2017-05-16 12:20:27.900,,,,,,,,
2017-05-16 12:20:28.900,,,,,,,,
2017-05-16 12:20:29.900,,,,,,,,
2017-05-16 12:20:30.900,,,,,,,,
2017-05-16 12:20:31.900,,,,,,,,
2017-05-16 12:20:32.900,,,,,,,,
2017-05-16 12:20:33.900,,,,,,,,
2017-05-16 12:20:34.900,,,,,,,,
2017-05-16 12:20:35.900,,,,,,,,
2017-05-16 12:20:36.900,,,,,,,,
2017-05-16 12:20:37.900,,,,,,,,
2017-05-16 12:20:38.900,,,,,,,,
2017-05-16 12:20:39.900,,,,,,,,
2017-05-16 12:20:40.900,,,,,,,,
2017-05-16 12:20:41.900,,,,,,,,
2017-05-16 12:20:42.900,,,,,,,,
2017-05-16 12:20:43.900,,,,,,,,
2017-05-16 12:20:44.900,,,,,,,,
2017-05-16 12:20:45.900,,,,,,,,
2017-05-16 12:20:46.900,,,,,,,,
2017-05-16 12:20:47.900,,,,,,,,
2017-05-16 12:20:48.900,,,,,,,,
2017-05-16 12:20:49.900,,,,,,,,
2017-05-16 12:20:50.900,,,,,,,,
2017-05-16 12:20:51.900,,,,,,,,
2017-05-16 12:20:52.900,,,,,,,,
2017-05-16 12:20:53.900,,,,,,,,
2017-05-16 12:20:54.900,,,,,,,,
2017-05-16 12:20:55.900,,,,,,,,
2017-05-16 12:20:56.900,,,,,,,,
2017-05-16 12:20:57.900,,,,,,,,
2017-05-16 12:20:58.900,,,,,,,,
2017-05-16 12:20:59.900,,,,,,,,
2017-05-16 12:21:00.900,,,,,,,,
2017-05-16 12:21:01.900,,,,,,,,
2017-05-16 12:21:02.900,,,,,,,,
2017-05-16 12:21:03.900,,,,,,,,
2017-05-16 12:21:04.900,,,,,,,,
2017-05-16 12:21:05.900,,,,,,,,
2017-05-16 12:21:06.900,,,,,,,,
2017-05-16 12:21:07.900,,,,,,,,
2017-05-16 12:21:08.900,,,,,,,,
2017-05-16 12:21:09.900,,,,,,,,
2017-05-16 12:21:10.900,,,,,,,,
2017-05-16 12:21:11.900,,,,,,,,
2017-05-16 12:21:12.900,,,,,,,,
2017-05-16 12:21:13.900,,,,,,,,
2017-05-16 12:21:14.900,,,,,,,,
2017-05-16 12:21:15.900,,,,,,,,
2017-05-16 12:21:16.900,,,,,,,,
2017-05-16 12:21:17.900,,,,,,,,
2017-05-16 12:21:18.900,,,,,,,,
2017-05-16 12:21:19.900,,,,,,,,
2017-05-16 12:21:20.900,,,,,,,,
2017-05-16 12:21:21.900,,,,,,,,
2017-05-16 12:21:22.900,,,,,,,,
2017-05-16 12:21:23.900,,,,,,,,
2017-05-16 12:21:24.900,,,,,,,,
2017-05-16 12:21:25.900,,,,,,,,
2017-05-16 12:21:26.900,,,,,,,,
2017-05-16 12:21:27.900,,,,,,,,
2017-05-16 12:21:28.900,,,,,,,,
2017-05-16 12:21:29.900,,,,,,,,
2017-05-16 12:21:30.900,,,,,,,,
2017-05-16 12:21:31.900,,,,,,,,
2017-05-16 12:21:32.900,,,,,,,,
2017-05-16 12:21:33.900,,,,,,,,
2017-05-16 12:21:34.900,,,,,,,,
2017-05-16 12:21:35.900,,,,,,,,
2017-05-16 12:21:36.900,,,,,,,,
2017-05-16 12:21:37.900,,,,,,,,
2017-05-16 12:21:38.900,,,,,,,,
2017-05-16 12:21:39.900,,,,,,,,
2017-05-16 12:21:40.900,,,,,,,,
2017-05-16 12:21:41.900,,,,,,,,
2017-05-16 12:21:42.900,,,,,,,,
2017-05-16 12:21:43.900,,,,,,,,
2017-05-16 12:21:44.900,,,,,,,,
2017-05-16 12:21:45.900,,,,,,,,
2017-05-16 12:21:46.900,,,,,,,,
2017-05-16 12:21:47.900,,,,,,,,
2017-05-16 12:21:48.900,,,,,,,,
2017-05-16 12:21:49.900,,,,,,,,
2017-05-16 12:21:50.900,,,,,,,,
2017-05-16 12:21:56.900,,,,,,,,
2017-05-16 12:21:57.900,,,,,,,,
2017-05-16 12:21:58.900,,,,,,,,
2017-05-16 12:21:59.900,,,,,,,,
2017-05-16 12:22:00.900,,,,,,,,
2017-05-16 12:22:01.900,,,,,,,,
2017-05-16 12:22:02.900,,,,,,,,
2017-05-16 12:26:22.900,,,,,,,,
2017-05-16 12:26:23.900,,,,,,,,
2017-05-16 12:26:24.900,,,,,,,,
2017-05-16 12:26:25.900,,,,,,,,
2017-05-16 12:26:26.900,,,,,,,,
2017-05-16 12:26:27.900,,,,,,,,
2017-05-16 12:26:28.900,,,,,,,,
2017-05-16 12:26:29.900,,,,,,,,
2017-05-16 12:26:30.900,,,,,,,,
2017-05-16 12:26:31.900,,,,,,,,
2017-05-16 12:55:21.900,,,,,,,,
2017-05-16 12:55:22.900,,,,,,,,
2017-05-16 12:55:23.900,,,,,,,,
2017-05-16 12:55:24.900,,,,,,,,
2017-05-16 12:55:25.900,,,,,,,,
2017-05-16 12:55:26.900,,,,,,,,
2017-05-16 12:55:27.900,,,,,,,,
2017-05-16 12:55:28.900,,,,,,,,
2017-05-16 12:55:29.900,,,,,,,,
2017-05-16 12:55:30.900,,,,,,,,
2017-05-16 12:55:31.900,,,,,,,,
2017-05-16 12:55:32.900,,,,,,,,
2017-05-16 12:55:33.900,,,,,,,,
2017-05-16 12:55:34.900,,,,,,,,
2017-05-16 12:55:35.900,,,,,,,,
2017-05-16 12:55:36.900,,,,,,,,
2017-05-16 12:55:37.900,,,,,,,,
2017-05-16 12:55:38.900,,,,,,,,
2017-05-16 12:55:39.900,,,,,,,,
2017-05-16 12:55:40.900,,,,,,,,
2017-05-16 12:55:41.900,,,,,,,,
2017-05-16 12:55:42.900,,,,,,,,
2017-05-16 12:55:52.900,,,,,,,,
2017-05-16 12:55:53.900,,,,,,,,
2017-05-16 12:55:54.900,,,,,,,,
2017-05-16 12:55:55.900,,,,,,,,
2017-05-16 12:55:56.900,,,,,,,,
2017-05-16 12:55:57.900,,,,,,,,
2017-05-16 12:55:58.900,,,,,,,,
2017-05-16 12:55:59.900,,,,,,,,
2017-05-16 13:11:33.900,,,,,,,,
2017-05-16 13:11:34.900,,,,,,,,
2017-05-16 13:11:35.900,,,,,,,,
2017-05-16 13:11:36.900,,,,,,,,
2017-05-16 13:11:37.900,,,,,,,,
2017-05-16 13:11:38.900,,,,,,,,
2017-05-16 13:11:39.900,,,,,,,,
2017-05-16 13:11:40.900,,,,,,,,
2017-05-16 13:11:41.900,,,,,,,,
2017-05-16 13:15:40.900,,,,,,,,
2017-05-16 13:15:41.900,,,,,,,,
2017-05-16 13:15:42.900,,,,,,,,
2017-05-16 13:15:43.900,,,,,,,,
2017-05-16 13:15:44.900,,,,,,,,
2017-05-16 13:15:45.900,,,,,,,,
2017-05-16 13:15:46.900,,,,,,,,
2017-05-16 13:15:47.900,,,,,,,,
2017-05-16 13:15:48.900,,,,,,,,
2017-05-16 13:15:49.900,,,,,,,,
2017-05-16 13:15:50.900,,,,,,,,
2017-05-16 13:45:26.900,,,,,,,,
2017-05-16 13:45:27.900,,,,,,,,
2017-05-16 13:53:02.900,,,,,,,,
2017-05-16 13:53:03.900,,,,,,,,
2017-05-16 13:53:04.900,,,,,,,,
2017-05-16 13:53:05.900,,,,,,,,
2017-05-16 13:53:06.900,,,,,,,,
2017-05-16 13:53:07.900,,,,,,,,
2017-05-16 13:53:08.900,,,,,,,,
2017-05-16 13:53:09.900,,,,,,,,
2017-05-16 13:53:10.900,,,,,,,,
2017-05-16 13:53:11.900,,,,,,,,
2017-05-16 13:54:09.900,,,,,,,,
2017-05-16 13:54:10.900,,,,,,,,
2017-05-16 13:54:11.900,,,,,,,,
2017-05-16 13:54:12.900,,,,,,,,
2017-05-16 13:54:13.900,,,,,,,,
2017-05-16 14:27:09.900,9919.931911229882,,,,0,,,
2017-05-16 14:27:10.900,0,,9921.374592475531,,143.4760183863159,,0,
2017-05-16 14:40:12.900,,,,,,,,
2017-05-16 14:40:13.900,,,,,,,,
2017-05-16 14:40:14.900,,,,,,,,
2017-05-16 14:40:15.900,,,,,,,,
2017-05-16 14:40:16.900,,,,,,,,
2017-05-16 14:40:17.900,,,,,,,,
2017-05-16 14:40:18.900,,,,,,,,
2017-05-16 14:40:19.900,,,,,,,,
2017-05-16 14:40:20.900,,,,,,,,
2017-05-16 14:40:21.900,,,,,,,,
2017-05-16 14:40:22.900,,,,,,,,
2017-05-16 14:40:23.900,,,,,,,,
2017-05-16 14:40:24.900,,,,,,,,
2017-05-16 14:40:25.900,,,,,,,,
2017-05-16 14:40:26.900,,,,,,,,
2017-05-16 14:40:27.900,,,,,,,,
2017-05-16 14:40:28.900,,,,,,,,
2017-05-16 14:40:29.900,,,,,,,,
2017-05-16 14:40:30.900,,,,,,,,
2017-05-16 14:40:31.900,,,,,,,,
2017-05-16 14:40:32.900,,,,,,,,
2017-05-16 14:40:33.900,,,,,,,,
2017-05-16 14:40:34.900,,,,,,,,
2017-05-16 14:40:35.900,,,,,,,,
2017-05-16 14:40:36.900,,,,,,,,
2017-05-16 14:40:37.900,,,,,,,,
2017-05-16 14:40:38.900,,,,,,,,
2017-05-16 14:40:39.900,,,,,,,,
2017-05-16 14:40:40.900,,,,,,,,
2017-05-16 14:40:41.900,,,,,,,,
2017-05-16 14:40:42.900,,,,,,,,
2017-05-16 14:40:43.900,,,,,,,,
2017-05-16 14:40:44.900,,,,,,,,
2017-05-16 14:40:45.900,,,,,,,,
2017-05-16 14:40:46.900,,,,,,,,
2017-05-16 14:40:47.900,,,,,,,,
2017-05-16 14:40:48.900,,,,,,,,
2017-05-16 14:40:49.900,,,,,,,,
2017-05-16 14:40:50.900,,,,,,,,
2017-05-16 14:40:51.900,,,,,,,,
2017-05-16 14:45:27.900,,,,,,,,
2017-05-16 14:45:28.900,,,,,,,,
2017-05-16 14:45:29.900,,,,,,,,
2017-05-16 14:45:30.900,,,,,,,,
2017-05-16 14:45:31.900,,,,,,,,
2017-05-16 14:45:32.900,,,,,,,,
2017-05-16 14:45:33.900,,,,,,,,
2017-05-16 14:45:34.900,,,,,,,,
2017-05-16 14:45:35.900,,,,,,,,
2017-05-16 14:45:36.900,,,,,,,,
2017-05-16 14:45:37.900,,,,,,,,
2017-05-16 14:45:38.900,,,,,,,,
2017-05-16 14:45:39.900,,,,,,,,
2017-05-16 14:45:40.900,,,,,,,,
2017-05-16 14:45:41.900,,,,,,,,
2017-05-16 14:45:42.900,,,,,,,,
2017-05-16 14:45:43.900,,,,,,,,
2017-05-16 14:45:44.900,,,,,,,,
2017-05-16 14:45:45.900,,,,,,,,
2017-05-16 14:45:46.900,,,,,,,,
2017-05-16 14:45:47.900,,,,,,,,
2017-05-16 14:45:48.900,,,,,,,,
2017-05-16 14:45:49.900,,,,,,,,
2017-05-16 14:45:50.900,,,,,,,,
2017-05-16 14:45:51.900,,,,,,,,
2017-05-16 14:45:52.900,,,,,,,,
2017-05-16 14:59:28.900,9918.497151046018,,,,0,,,
2017-05-16 14:59:29.900,19836.994302092036,,9918.505069816825,,-143.4760183863159,,0,
2017-05-16 14:59:30.900,,,9918.505069816825,,,,0,
2017-05-16 14:59:31.900,,,9918.505069816825,,,,0,
2017-05-16 14:59:32.900,,,9918.505069816825,,,,0,
2017-05-16 14:59:33.900,,,9918.505069816825,,,,0,
2017-05-16 14:59:34.900,,,9918.505069816825,,,,0,
2017-05-16 14:59:35.900,,,9918.505069816825,,,,0,
2017-05-16 14:59:36.900,,,9918.505069816825,,,,0,
2017-05-16 14:59:37.900,,,9918.505069816825,,,,0,
2017-05-16 14:59:38.900,,,9918.505069816825,9935.932353485585,,,0,0
2017-05-16 14:59:39.900,,,9918.505069816825,9935.932353485585,,,0,0
2017-05-16 14:59:40.900,,,9918.505069816825,9935.932353485585,,,0,0
2017-05-16 14:59:41.900,,,9918.505069816825,9935.932353485585,,,0,0
2017-05-16 14:59:42.900,,,9918.505069816825,9935.932353485585,,,0,0
2017-05-16 14:59:43.900,,,9918.505069816825,9935.932353485585,,,0,0
2017-05-16 14:59:44.900,,,9918.505069816825,9935.932353485585,,,0,0
2017-05-16 14:59:45.900,,,9918.505069816825,9935.932353485585,,,0,0
2017-05-16 14:59:46.900,,,9918.505069816825,9935.932353485585,,,0,0
2017-05-16 14:59:47.900,,,9918.505069816825,9935.932353485585,,,0,0
2017-05-16 14:59:48.900,,,9918.505069816825,9935.932353485585,,,0,0
2017-05-16 14:59:49.900,,,9918.505069816825,9935.932353485585,,,0,0
2017-05-16 14:59:50.900,,,9918.505069816825,9935.932353485585,,,0,0
2017-05-16 14:59:51.900,,,9918.505069816825,9935.932353485585,,,0,0
2017-05-16 14:59:52.900,,,9918.505069816825,9935.932353485585,,,0,0
2017-05-16 14:59:53.900,,,9918.505069816825,9935.932353485585,,,0,0
2017-05-16 14:59:54.900,,,9918.505069816825,9935.932353485585,,,0,0
2017-05-16 14:59:55.900,,,9918.505069816825,9935.932353485585,,,0,0
2017-05-16 14:59:56.900,,,9918.505069816825,9935.932353485585,,,0,0
2017-05-16 14:59:57.900,,,9918.505069816825,9935.932353485585,,,0,0
2017-05-16 14:59:58.900,,,9918.505069816825,9935.932353485585,,,0,0
2017-05-16 14:59:59.900,,,9918.505069816825,9935.932353485585,,,0,0
2017-05-16 15:00:00.900,,,9918.505069816825,9935.932353485585,,,0,0
2017-05-16 15:00:01.900,,,9918.505069816825,9935.932353485585,,,0,0
2017-05-16 15:00:02.900,,,9918.505069816825,9935.932353485585,,,0,0
2017-05-16 15:00:03.900,,,9918.505069816825,9935.932353485585,,,0,0
2017-05-16 15:00:04.900,,,9918.505069816825,9935.932353485585,,,0,0
2017-05-16 15:00:05.900,,,9918.505069816825,9935.932353485585,,,0,0
2017-05-16 15:00:06.900,,,9918.505069816825,9935.932353485585,,,0,0
2017-05-16 15:00:07.900,,,9918.505069816825,9935.932353485585,,,0,0
2017-05-16 15:00:08.900,,,9918.505069816825,9935.932353485585,,,0,0
2017-05-16 15:00:09.900,,,9918.505069816825,9935.932353485585,,,0,0
2017-05-16 15:00:10.900,,,9918.505069816825,9935.932353485585,,,0,0
2017-05-16 15:00:11.900,,,9918.505069816825,9935.932353485585,,,0,0
2017-05-16 15:00:12.900,,,9918.505069816825,9935.932353485585,,,0,0
2017-05-16 15:00:13.900,,,9918.505069816825,9935.932353485585,,,0,0
2017-05-16 15:00:14.900,,,9918.505069816825,9935.932353485585,,,0,0
2017-05-16 15:00:15.900,,,9918.505069816825,9935.932353485585,,,0,0
2017-05-16 15:00:16.900,,,9918.505069816825,9935.932353485585,,,0,0
2017-05-16 15:00:17.900,,,9918.505069816825,9935.932353485585,,,0,0
2017-05-16 15:00:18.900,,,9918.505069816825,9935.932353485585,,,0,0
2017-05-16 15:00:19.900,,,9918.505069816825,9935.932353485585,,,0,0
2017-05-16 15:17:10.900,,,,,,,,
2017-05-16 15:17:11.900,,,19834.140616974946,,,,-143.3724202470359,
2017-05-16 15:17:12.900,,,19834.140616974946,,,,-143.3724202470359,
2017-05-16 15:17:13.900,,,19834.140616974946,,,,-143.3724202470359,
2017-05-16 15:17:14.900,,,19834.140616974946,,,,-143.3724202470359,
2017-05-16 15:17:15.900,,,19834.140616974946,,,,-143.3724202470359,
2017-05-16 15:17:16.900,,,19834.140616974946,,,,-143.3724202470359,
2017-05-16 15:17:17.900,,,19834.140616974946,,,,-143.3724202470359,
2017-05-16 15:17:18.900,,,19834.140616974946,,,,-143.3724202470359,
2017-05-16 15:17:19.900,,,19834.140616974946,,,,-143.3724202470359,
2017-05-16 15:20:53.900,,,,,,,,
2017-05-16 15:20:54.900,,,,,,,,
2017-05-16 15:20:55.900,,,,,,,,
2017-05-16 15:20:56.900,,,,,,,,
2017-05-16 15:20:57.900,,,,,,,,
2017-05-16 15:20:58.900,,,,,,,,
2017-05-16 15:20:59.900,,,,,,,,
2017-05-16 15:22:12.900,,,,,,,,
2017-05-16 15:25:54.900,9914.19287049443,,,,0,,,
2017-05-16 15:25:55.900,0,,9917.070308487473,,143.35154526452328,,0,
2017-05-16 15:25:56.900,,,9917.070308487473,,,,0,
2017-05-16 15:25:57.900,,,9917.070308487473,,,,0,
2017-05-16 15:25:58.900,,,9917.070308487473,,,,0,
2017-05-16 15:25:59.900,,,9917.070308487473,,,,0,
2017-05-16 15:26:00.900,,,9917.070308487473,,,,0,
2017-05-16 15:26:01.900,,,9917.070308487473,,,,0,
2017-05-16 15:26:02.900,,,9917.070308487473,,,,0,
2017-05-16 15:26:03.900,,,9917.070308487473,,,,0,
2017-05-16 15:26:04.900,,,9917.070308487473,9928.745942120417,,,0,0
2017-05-16 15:26:05.900,,,9917.070308487473,9928.745942120417,,,0,0
2017-05-16 15:26:06.900,,,9917.070308487473,9928.745942120417,,,0,0
2017-05-16 15:26:07.900,,,9917.070308487473,9928.745942120417,,,0,0
2017-05-16 15:26:08.900,,,9917.070308487473,9928.745942120417,,,0,0
2017-05-16 15:26:09.900,,,9917.070308487473,9928.745942120417,,,0,0
2017-05-16 15:26:10.900,,,9917.070308487473,9928.745942120417,,,0,0
2017-05-16 15:26:11.900,,,9917.070308487473,9928.745942120417,,,0,0
2017-05-16 15:26:12.900,,,9917.070308487473,9928.745942120417,,,0,0
2017-05-16 15:26:13.900,,,9917.070308487473,9928.745942120417,,,0,0
2017-05-16 15:26:14.900,,,9917.070308487473,9928.745942120417,,,0,0
2017-05-16 15:26:15.900,,,9917.070308487473,9928.745942120417,,,0,0
2017-05-16 15:26:16.900,,,9917.070308487473,9928.745942120417,,,0,0
2017-05-16 15:26:17.900,,,9917.070308487473,9928.745942120417,,,0,0
2017-05-16 15:26:18.900,,,9917.070308487473,9928.745942120417,,,0,0
2017-05-16 15:26:19.900,,,9917.070308487473,9928.745942120417,,,0,0
2017-05-16 15:26:20.900,,,9917.070308487473,9928.745942120417,,,0,0
2017-05-16 15:37:51.900,9921.360447757655,,,,0,,,
2017-05-16 15:37:52.900,19842.72089551531,,19831.272753959187,,-143.35154526452328,,-143.26883943042327,
2017-05-16 15:37:53.900,,,19831.272753959187,,,,-143.26883943042327,
2017-05-16 15:37:54.900,,,19831.272753959187,,,,-143.26883943042327,
2017-05-16 15:37:55.900,,,19831.272753959187,,,,-143.26883943042327,
2017-05-16 15:37:56.900,,,19831.272753959187,,,,-143.26883943042327,
2017-05-16 15:37:57.900,,,19831.272753959187,,,,-143.26883943042327,
2017-05-16 15:37:58.900,,,19831.272753959187,,,,-143.26883943042327,
2017-05-16 15:37:59.900,,,19831.272753959187,,,,-143.2481418228777,
2017-05-16 15:38:00.900,,,19831.272753959187,,,,-143.2274501947074,
2017-05-16 15:38:01.900,,,19831.272753959187,9935.919886095624,,,-143.2274501947074,0
2017-05-16 15:38:02.900,,,19831.272753959187,9935.919886095624,,,-143.2274501947074,0
2017-05-16 15:38:03.900,,,19831.272753959187,9935.919886095624,,,-143.2274501947074,0
2017-05-16 15:38:04.900,,,19831.272753959187,9935.919886095624,,,-143.2274501947074,0
2017-05-16 15:38:05.900,,,19831.272753959187,9935.919886095624,,,-143.2274501947074,0
2017-05-16 15:38:06.900,,,19831.272753959187,9935.919886095624,,,-143.2274501947074,0
2017-05-16 15:38:07.900,,,19831.272753959187,9935.919886095624,,,-143.2274501947074,0
2017-05-16 15:38:08.900,,,19831.272753959187,9935.919886095624,,,-143.2274501947074,0
2017-05-16 15:38:09.900,,,19831.272753959187,9935.919886095624,,,-143.2274501947074,0
2017-05-16 15:38:10.900,,,19831.272753959187,9935.919886095624,,,-143.2274501947074,0
2017-05-16 15:38:11.900,,,19831.272753959187,9935.919886095624,,,-143.2274501947074,0
2017-05-16 15:38:12.900,,,19831.272753959187,9937.35509047033,,,-143.2067645433217,0
2017-05-16 15:38:13.900,,,19831.272753959187,9937.35509047033,,,-143.2067645433217,0
2017-05-16 15:38:14.900,,,19831.272753959187,9937.35509047033,,,-143.2067645433217,0
2017-05-16 16:00:00.000,9891.256623252104,9892.688478222986,9885.549920699203,9900.039776727952,0,0,0,0
2017-05-16 10:07:18.000,,20000,,,,-145.92149423610098,,
2017-05-16 10:07:19.000,,,,,,,,
2017-05-16 10:07:20.000,,,,,,,,
2017-05-16 10:07:21.000,,,,,,,,
2017-05-16 10:07:22.000,,,,,,,,
2017-05-16 10:07:23.000,,,,,,,,
2017-05-16 10:07:24.000,,,,,,,,
2017-05-16 10:07:25.000,,,,,,,,
2017-05-16 10:15:49.000,,10016.05136436597,,,,0,,
2017-05-16 10:15:50.000,,0,,,,146.39069518219776,,
2017-05-16 10:15:51.000,,,,,,,,
2017-05-16 10:15:52.000,,,,,,,,
2017-05-16 10:15:53.000,,,,,,,,
2017-05-16 10:15:54.000,,,,,,,,
2017-05-16 10:15:55.000,,,,,,,,
2017-05-16 10:15:56.000,,,,,,,,
2017-05-16 10:15:57.000,,,,,,,,
2017-05-16 10:15:58.000,,,,,,,,
2017-05-16 10:15:59.000,,,,,,,,
2017-05-16 10:16:00.000,,,,,,,,
2017-05-16 10:16:01.000,,,,,,,,
2017-05-16 10:16:02.000,,,,,,,,
2017-05-16 10:16:03.000,,,,,,,,
2017-05-16 10:16:04.000,,,,,,,,
2017-05-16 10:16:05.000,,,,,,,,
2017-05-16 10:16:06.000,,,,,,,,
2017-05-16 10:16:07.000,,,,,,,,
2017-05-16 10:16:08.000,,,,,,,,
2017-05-16 10:16:09.000,,,,,,,,
2017-05-16 10:16:10.000,,,,,,,,
2017-05-16 10:16:11.000,,,,,,,,
2017-05-16 10:16:12.000,,,,,,,,
2017-05-16 10:16:13.000,,,,,,,,
2017-05-16 10:16:14.000,,,,,,,,
2017-05-16 10:16:15.000,,,,,,,,
2017-05-16 10:16:16.000,,,,,,,,
2017-05-16 10:16:17.000,,,,,,,,
2017-05-16 10:16:18.000,,,,,,,,
2017-05-16 10:16:19.000,,,,,,,,
2017-05-16 10:16:20.000,,,,,,,,
2017-05-16 10:16:21.000,,,,,,,,
2017-05-16 10:16:22.000,,,,,,,,
2017-05-16 10:16:23.000,,,,,,,,
2017-05-16 10:16:24.000,,,,,,,,
2017-05-16 10:16:25.000,,,,,,,,
2017-05-16 10:16:26.000,,,,,,,,
2017-05-16 10:16:27.000,,,,,,,,
2017-05-16 10:16:28.000,,,,,,,,
2017-05-16 10:16:29.000,,,,,,,,
2017-05-16 10:16:30.000,,,,,,,,
2017-05-16 10:16:31.000,,,,,,,,
2017-05-16 10:16:32.000,,,,,,,,
2017-05-16 10:16:33.000,,,,,,,,
2017-05-16 10:16:34.000,,,,,,,,
2017-05-16 10:16:35.000,,,,,,,,
2017-05-16 10:16:36.000,,,,,,,,
2017-05-16 10:16:37.000,,,,,,,,
2017-05-16 10:16:38.000,,,,,,,,
2017-05-16 10:16:39.000,,,,,,,,
2017-05-16 10:16:40.000,,,,,,,,
2017-05-16 10:16:41.000,,,,,,,,
2017-05-16 10:16:42.000,,,,,,,,
2017-05-16 10:16:43.000,,,,,,,,
2017-05-16 10:16:44.000,,,,,,,,
2017-05-16 10:16:45.000,,,,,,,,
2017-05-16 10:16:46.000,,,,,,,,
2017-05-16 10:16:47.000,,,,,,,,
2017-05-16 10:16:48.000,,,,,,,,
2017-05-16 10:16:49.000,,,,,,,,
2017-05-16 10:16:50.000,,,,,,,,
2017-05-16 10:16:51.000,,,,,,,,
2017-05-16 10:16:52.000,,,,,,,,
2017-05-16 10:16:53.000,,,,,,,,
2017-05-16 10:16:54.000,,,,,,,,
2017-05-16 10:16:55.000,,,,,,,,
2017-05-16 10:16:56.000,,,,,,,,
2017-05-16 10:16:57.000,,,,,,,,
2017-05-16 10:16:58.000,,,,,,,,
2017-05-16 10:16:59.000,,,,,,,,
2017-05-16 10:17:00.000,,,,,,,,
2017-05-16 10:17:01.000,,,,,,,,
2017-05-16 10:17:02.000,,,,,,,,
2017-05-16 10:17:03.000,,,,,,,,
2017-05-16 10:17:04.000,,,,,,,,
2017-05-16 10:17:05.000,,,,,,,,
2017-05-16 10:17:06.000,,,,,,,,
2017-05-16 10:17:07.000,,,,,,,,
2017-05-16 10:17:08.000,,,,,,,,
2017-05-16 10:17:09.000,,,,,,,,
2017-05-16 10:17:10.000,,,,,,,,
2017-05-16 10:17:11.000,,,,,,,,
2017-05-16 10:17:12.000,,,,,,,,
2017-05-16 10:17:13.000,,,,,,,,
2017-05-16 10:17:14.000,,,,,,,,
2017-05-16 10:17:15.000,,,,,,,,
2017-05-16 10:17:16.000,,,,,,,,
2017-05-16 10:17:17.000,,,,,,,,
2017-05-16 10:17:18.000,,,,,,,,
2017-05-16 10:17:19.000,,,,,,,,
2017-05-16 10:17:20.000,,,,,,,,
2017-05-16 10:17:21.000,,,,,,,,
2017-05-16 10:17:22.000,,,,,,,,
2017-05-16 10:17:23.000,,,,,,,,
2017-05-16 10:17:24.000,,,,,,,,
2017-05-16 10:17:25.000,,,,,,,,
2017-05-16 10:17:26.000,,,,,,,,
2017-05-16 10:17:27.000,,,,,,,,
2017-05-16 10:17:28.000,,,,,,,,
2017-05-16 10:17:29.000,,,,,,,,
2017-05-16 10:17:30.000,,,,,,,,
2017-05-16 10:17:31.000,,,,,,,,
2017-05-16 10:17:32.000,,,,,,,,
2017-05-16 10:17:33.000,,,,,,,,
2017-05-16 10:17:34.000,,,,,,,,
2017-05-16 10:17:35.000,,,,,,,,
2017-05-16 10:17:36.000,,,,,,,,
2017-05-16 10:17:37.000,,,,,,,,
2017-05-16 10:17:38.000,,,,,,,,
2017-05-16 10:17:39.000,,,,,,,,
2017-05-16 10:17:40.000,,,,,,,,
2017-05-16 10:17:41.000,,,,,,,,
2017-05-16 10:17:42.000,,,,,,,,
2017-05-16 10:17:43.000,,,,,,,,
2017-05-16 10:17:44.000,,,,,,,,
2017-05-16 10:17:45.000,,,,,,,,
2017-05-16 10:17:46.000,,,,,,,,
2017-05-16 10:25:28.000,,,,,,,,
2017-05-16 10:25:29.000,,,,,,,,
2017-05-16 10:25:30.000,,,,,,,,
2017-05-16 10:25:31.000,,,,,,,,
2017-05-16 10:25:32.000,,,,,,,,
2017-05-16 10:25:33.000,,,,,,,,
2017-05-16 10:25:34.000,,,,,,,,
2017-05-16 10:25:35.000,,,,,,,,
2017-05-16 10:25:36.000,,,,,,,,
2017-05-16 10:25:37.000,,,,,,,,
2017-05-16 10:25:38.000,,,,,,,,
2017-05-16 10:25:39.000,,,,,,,,
2017-05-16 10:25:40.000,,,,,,,,
2017-05-16 10:25:41.000,,,,,,,,
2017-05-16 10:25:42.000,,,,,,,,
2017-05-16 10:25:43.000,,,,,,,,
2017-05-16 10:25:44.000,,,,,,,,
2017-05-16 10:25:45.000,,,,,,,,
2017-05-16 10:49:59.000,,,,,,,,
2017-05-16 10:50:00.000,,,,,,,,
2017-05-16 10:50:01.000,,,,,,,,
2017-05-16 10:50:02.000,,,,,,,,
2017-05-16 10:50:03.000,,,,,,,,
2017-05-16 10:50:04.000,,,,,,,,
2017-05-16 10:50:05.000,,,,,,,,
2017-05-16 10:50:06.000,,,,,,,,
2017-05-16 10:50:07.000,,,,,,,,
2017-05-16 10:50:08.000,,,,,,,,
2017-05-16 10:50:09.000,,,,,,,,
2017-05-16 10:50:10.000,,,,,,,,
2017-05-16 10:50:11.000,,,,,,,,
2017-05-16 10:50:12.000,,,,,,,,
2017-05-16 10:50:13.000,,,,,,,,
2017-05-16 10:50:14.000,,,,,,,,
2017-05-16 10:50:15.000,,,,,,,,
2017-05-16 10:50:16.000,,,,,,,,
2017-05-16 10:50:17.000,,,,,,,,
2017-05-16 10:50:18.000,,,,,,,,
2017-05-16 10:50:19.000,,,,,,,,
2017-05-16 10:50:20.000,,,,,,,,
2017-05-16 10:55:56.000,,10023.37089912508,,,,0,,
2017-05-16 10:55:57.000,,20046.74179825016,,,,-146.39069518219776,,
2017-05-16 10:55:58.000,,,,,,,,
2017-05-16 10:55:59.000,,,,,,,,
2017-05-16 10:56:00.000,,,,,,,,
2017-05-16 10:56:01.000,,,,,,,,
2017-05-16 10:56:02.000,,,,,,,,
2017-05-16 10:56:03.000,,,,,,,,
2017-05-16 10:56:04.000,,,,,,,,
2017-05-16 10:56:05.000,,,,,,,,
2017-05-16 10:56:06.000,,,,,,,,
2017-05-16 10:56:07.000,,,,,,,,
2017-05-16 10:56:08.000,,,,,,,,
2017-05-16 10:56:09.000,,,,,,,,
2017-05-16 10:56:10.000,,,,,,,,
2017-05-16 10:56:11.000,,,,,,,,
2017-05-16 10:56:12.000,,,,,,,,
2017-05-16 10:56:13.000,,,,,,,,
2017-05-16 10:56:14.000,,,,,,,,
2017-05-16 10:56:15.000,,,,,,,,
2017-05-16 10:56:16.000,,,,,,,,
2017-05-16 11:01:43.000,,,,,,,,
2017-05-16 11:01:44.000,,,,,,,,
2017-05-16 11:01:45.000,,,,,,,,
2017-05-16 11:01:46.000,,,,,,,,
2017-05-16 11:01:50.000,,,,,,,,
2017-05-16 11:01:51.000,,,,,,,,
2017-05-16 11:01:52.000,,,,,,,,
2017-05-16 11:01:53.000,,,,,,,,
2017-05-16 11:01:54.000,,,,,,,,
2017-05-16 11:02:10.000,,,,,,,,
2017-05-16 11:02:11.000,,,,,,,,
2017-05-16 11:02:12.000,,,,,,,,
2017-05-16 11:02:13.000,,,,,,,,
2017-05-16 11:02:14.000,,,,,,,,
2017-05-16 11:02:15.000,,,,,,,,
2017-05-16 11:02:16.000,,,,,,,,
2017-05-16 11:02:17.000,,,,,,,,
2017-05-16 11:02:18.000,,,,,,,,
2017-05-16 11:02:19.000,,,,,,,,
2017-05-16 11:02:20.000,,,,,,,,
2017-05-16 11:02:21.000,,,,,,,,
2017-05-16 11:02:22.000,,,,,,,,
2017-05-16 11:02:23.000,,,,,,,,
2017-05-16 11:02:24.000,,,,,,,,
2017-05-16 11:02:25.000,,,,,,,,
2017-05-16 11:02:26.000,,,,,,,,
2017-05-16 11:02:27.000,,,,,,,,
2017-05-16 11:02:28.000,,,,,,,,
2017-05-16 11:02:29.000,,,,,,,,
2017-05-16 11:02:30.000,,,,,,,,
2017-05-16 11:02:31.000,,,,,,,,
2017-05-16 11:02:32.000,,,,,,,,
2017-05-16 11:02:33.000,,,,,,,,
2017-05-16 11:02:34.000,,,,,,,,
2017-05-16 11:02:35.000,,,,,,,,
2017-05-16 11:02:36.000,,,,,,,,
2017-05-16 11:02:37.000,,,,,,,,
2017-05-16 11:02:38.000,,,,,,,,
2017-05-16 11:02:39.000,,,,,,,,
2017-05-16 11:02:40.000,,,,,,,,
2017-05-16 11:02:41.000,,,,,,,,
2017-05-16 11:02:42.000,,,,,,,,
2017-05-16 11:02:43.000,,,,,,,,
2017-05-16 11:02:44.000,,,,,,,,
2017-05-16 11:02:45.000,,,,,,,,
2017-05-16 11:02:46.000,,,,,,,,
2017-05-16 11:02:47.000,,,,,,,,
2017-05-16 11:02:48.000,,,,,,,,
2017-05-16 11:13:50.000,,,,,,,,
2017-05-16 11:13:51.000,,,,,,,,
2017-05-16 11:13:52.000,,,,,,,,
2017-05-16 11:13:53.000,,,,,,,,
2017-05-16 11:13:54.000,,,,,,,,
2017-05-16 11:13:55.000,,,,,,,,
2017-05-16 11:13:56.000,,,,,,,,
2017-05-16 11:13:57.000,,,,,,,,
2017-05-16 11:13:58.000,,,,,,,,
2017-05-16 11:13:59.000,,,,,,,,
2017-05-16 11:14:00.000,,,,,,,,
2017-05-16 11:14:01.000,,,,,,,,
2017-05-16 11:27:49.000,,,,,,,,
2017-05-16 11:36:27.000,,9985.30931837771,,,,0,,
2017-05-16 11:36:28.000,,0,,,,145.28312699516528,,
2017-05-16 11:36:29.000,,,,,,,,
2017-05-16 11:36:30.000,,,,,,,,
2017-05-16 11:36:31.000,,,,,,,,
2017-05-16 11:36:32.000,,,,,,,,
2017-05-16 11:36:33.000,,,,,,,,
2017-05-16 11:36:34.000,,,,,,,,
2017-05-16 11:36:35.000,,,,,,,,
2017-05-16 11:36:36.000,,,,,,,,
2017-05-16 11:36:37.000,,,,,,,,
2017-05-16 11:36:38.000,,,,,,,,
2017-05-16 11:36:39.000,,,,,,,,
2017-05-16 11:36:40.000,,,,,,,,
2017-05-16 11:36:41.000,,,,,,,,
2017-05-16 11:36:42.000,,,,,,,,
2017-05-16 11:36:43.000,,,,,,,,
2017-05-16 11:36:44.000,,,,,,,,
2017-05-16 11:36:45.000,,,,,,,,
2017-05-16 11:36:46.000,,,,,,,,
2017-05-16 11:36:47.000,,,,,,,,
2017-05-16 11:36:48.000,,,,,,,,
2017-05-16 11:36:49.000,,,,,,,,
2017-05-16 11:36:50.000,,,,,,,,
2017-05-16 11:36:51.000,,,,,,,,
2017-05-16 11:36:52.000,,,,,,,,
2017-05-16 11:36:53.000,,,,,,,,
2017-05-16 11:36:54.000,,,,,,,,
2017-05-16 11:36:55.000,,,,,,,,
2017-05-16 11:36:56.000,,,,,,,,
2017-05-16 11:36:57.000,,,,,,,,
2017-05-16 11:36:58.000,,,,,,,,
2017-05-16 11:36:59.000,,,,,,,,
2017-05-16 11:37:00.000,,,,,,,,
2017-05-16 11:37:01.000,,,,,,,,
2017-05-16 11:37:02.000,,,,,,,,
2017-05-16 11:37:03.000,,,,,,,,
2017-05-16 11:37:04.000,,,,,,,,
2017-05-16 11:37:05.000,,,,,,,,
2017-05-16 11:37:06.000,,,,,,,,
2017-05-16 11:37:49.000,,,,,,,,
2017-05-16 11:37:50.000,,,,,,,,
2017-05-16 11:37:51.000,,,,,,,,
2017-05-16 11:37:52.000,,,,,,,,
2017-05-16 11:37:53.000,,,,,,,,
2017-05-16 11:37:54.000,,,,,,,,
2017-05-16 11:37:55.000,,,,,,,,
2017-05-16 11:37:56.000,,,,,,,,
2017-05-16 11:44:52.000,,,,,,,,
2017-05-16 11:44:53.000,,,,,,,,
2017-05-16 11:44:54.000,,,,,,,,
2017-05-16 11:44:55.000,,,,,,,,
2017-05-16 11:44:56.000,,,,,,,,
2017-05-16 11:44:57.000,,,,,,,,
2017-05-16 11:44:58.000,,,,,,,,
2017-05-16 11:44:59.000,,,,,,,,
2017-05-16 11:45:00.000,,,,,,,,
2017-05-16 11:45:01.000,,,,,,,,
2017-05-16 11:45:02.000,,,,,,,,
2017-05-16 11:45:03.000,,,,,,,,
2017-05-16 11:45:04.000,,,,,,,,
2017-05-16 11:45:05.000,,,,,,,,
2017-05-16 11:45:06.000,,,,,,,,
2017-05-16 11:45:07.000,,,,,,,,
2017-05-16 11:45:08.000,,,,,,,,
2017-05-16 11:45:09.000,,,,,,,,
2017-05-16 11:45:10.000,,,,,,,,
2017-05-16 11:45:11.000,,,,,,,,
2017-05-16 11:45:12.000,,,,,,,,
2017-05-16 11:45:13.000,,,,,,,,
2017-05-16 11:45:14.000,,,,,,,,
2017-05-16 11:49:16.000,,9982.403655837805,,,,0,,
2017-05-16 11:49:17.000,,19964.80731167561,,,,-145.28312699516528,,
2017-05-16 11:49:18.000,,,,,,,,
2017-05-16 11:49:19.000,,,,,,,,
2017-05-16 11:49:20.000,,,,,,,,
2017-05-16 11:49:21.000,,,,,,,,
2017-05-16 11:49:22.000,,,,,,,,
2017-05-16 11:49:23.000,,,,,,,,
2017-05-16 11:49:24.000,,,,,,,,
2017-05-16 11:49:25.000,,,,,,,,
2017-05-16 11:49:26.000,,,,,,,,
2017-05-16 11:49:27.000,,,,,,,,
2017-05-16 11:49:28.000,,,,,,,,
2017-05-16 11:49:29.000,,,,,,,,
2017-05-16 11:49:30.000,,,,,,,,
2017-05-16 11:49:31.000,,,,,,,,
2017-05-16 11:49:32.000,,,,,,,,
2017-05-16 11:49:33.000,,,,,,,,
2017-05-16 11:49:34.000,,,,,,,,
2017-05-16 11:49:35.000,,,,,,,,
2017-05-16 11:49:36.000,,,,,,,,
2017-05-16 11:49:37.000,,,,,,,,
2017-05-16 11:49:38.000,,,,,,,,
2017-05-16 11:49:39.000,,,,,,,,
2017-05-16 11:49:40.000,,,,,,,,
2017-05-16 11:49:41.000,,,,,,,,
2017-05-16 11:49:42.000,,,,,,,,
2017-05-16 11:49:43.000,,,,,,,,
2017-05-16 11:49:44.000,,,,,,,,
2017-05-16 11:49:45.000,,,,,,,,
2017-05-16 11:49:46.000,,,,,,,,
2017-05-16 11:49:47.000,,,,,,,,
2017-05-16 11:49:48.000,,,,,,,,
2017-05-16 11:49:49.000,,,,,,,,
2017-05-16 11:49:50.000,,,,,,,,
2017-05-16 11:49:51.000,,,,,,,,
2017-05-16 11:49:52.000,,,,,,,,
2017-05-16 11:49:53.000,,,,,,,,
2017-05-16 11:49:54.000,,,,,,,,
2017-05-16 11:49:55.000,,,,,,,,
2017-05-16 11:49:56.000,,,,,,,,
2017-05-16 11:49:57.000,,,,,,,,
2017-05-16 11:49:58.000,,,,,,,,
2017-05-16 11:50:25.000,,,,,,,,
2017-05-16 11:50:26.000,,,,,,,,
2017-05-16 11:50:27.000,,,,,,,,
2017-05-16 11:50:28.000,,,,,,,,
2017-05-16 11:50:29.000,,,,,,,,
2017-05-16 11:50:30.000,,,,,,,,
2017-05-16 11:50:31.000,,,,,,,,
2017-05-16 11:50:32.000,,,,,,,,
2017-05-16 11:50:33.000,,,,,,,,
2017-05-16 11:50:34.000,,,,,,,,
2017-05-16 11:50:35.000,,,,,,,,
2017-05-16 11:50:36.000,,,,,,,,
2017-05-16 11:50:37.000,,,,,,,,
2017-05-16 11:50:38.000,,,,,,,,
2017-05-16 11:50:39.000,,,,,,,,
2017-05-16 11:50:40.000,,,,,,,,
2017-05-16 11:50:41.000,,,,,,,,
2017-05-16 11:50:42.000,,,,,,,,
2017-05-16 11:50:43.000,,,,,,,,
2017-05-16 11:50:44.000,,,,,,,,
2017-05-16 12:13:31.000,,,,,,,,
2017-05-16 12:13:32.000,,,,,,,,
2017-05-16 12:13:33.000,,,,,,,,
2017-05-16 12:13:34.000,,,,,,,,
2017-05-16 12:13:35.000,,,,,,,,
2017-05-16 12:13:36.000,,,,,,,,
2017-05-16 12:13:37.000,,,,,,,,
2017-05-16 12:13:38.000,,,,,,,,
2017-05-16 12:13:39.000,,,,,,,,
2017-05-16 12:13:40.000,,,,,,,,
2017-05-16 12:13:41.000,,,,,,,,
2017-05-16 12:13:42.000,,,,,,,,
2017-05-16 12:13:43.000,,,,,,,,
2017-05-16 12:13:44.000,,,,,,,,
2017-05-16 12:13:45.000,,,,,,,,
2017-05-16 12:13:46.000,,,,,,,,
2017-05-16 12:13:47.000,,,,,,,,
2017-05-16 12:13:48.000,,,,,,,,
2017-05-16 12:13:49.000,,,,,,,,
2017-05-16 12:13:50.000,,,,,,,,
2017-05-16 12:13:51.000,,,,,,,,
2017-05-16 12:13:52.000,,,,,,,,
2017-05-16 12:13:53.000,,,,,,,,
2017-05-16 12:13:54.000,,,,,,,,
2017-05-16 12:13:55.000,,,,,,,,
2017-05-16 12:13:56.000,,,,,,,,
2017-05-16 12:13:57.000,,,,,,,,
2017-05-16 12:14:19.000,,,,,,,,
2017-05-16 12:14:20.000,,,,,,,,
2017-05-16 12:14:21.000,,,,,,,,
2017-05-16 12:14:22.000,,,,,,,,
2017-05-16 12:14:23.000,,,,,,,,
2017-05-16 12:14:24.000,,,,,,,,
2017-05-16 12:14:25.000,,,,,,,,
2017-05-16 12:14:26.000,,,,,,,,
2017-05-16 12:14:27.000,,,,,,,,
2017-05-16 12:14:28.000,,,,,,,,
2017-05-16 12:14:29.000,,,,,,,,
2017-05-16 12:14:30.000,,,,,,,,
2017-05-16 12:14:31.000,,,,,,,,
2017-05-16 12:14:32.000,,,,,,,,
2017-05-16 12:14:33.000,,,,,,,,
2017-05-16 12:14:34.000,,,,,,,,
2017-05-16 12:14:35.000,,,,,,,,
2017-05-16 12:14:36.000,,,,,,,,
2017-05-16 12:14:37.000,,,,,,,,
2017-05-16 12:14:38.000,,,,,,,,
2017-05-16 12:14:39.000,,,,,,,,
2017-05-16 12:14:40.000,,,,,,,,
2017-05-16 12:14:41.000,,,,,,,,
2017-05-16 12:14:42.000,,,,,,,,
2017-05-16 12:14:43.000,,,,,,,,
2017-05-16 12:14:44.000,,,,,,,,
2017-05-16 12:14:45.000,,,,,,,,
2017-05-16 12:14:46.000,,,,,,,,
2017-05-16 12:14:47.000,,,,,,,,
2017-05-16 12:14:48.000,,,,,,,,
2017-05-16 12:14:49.000,,,,,,,,
2017-05-16 12:14:50.000,,,,,,,,
2017-05-16 12:14:51.000,,,,,,,,
2017-05-16 12:14:52.000,,,,,,,,
2017-05-16 12:14:53.000,,,,,,,,
2017-05-16 12:14:54.000,,,,,,,,
2017-05-16 12:14:55.000,,,,,,,,
2017-05-16 12:14:56.000,,,,,,,,
2017-05-16 12:14:57.000,,,,,,,,
2017-05-16 12:14:58.000,,,,,,,,
2017-05-16 12:14:59.000,,,,,,,,
2017-05-16 12:15:00.000,,,,,,,,
2017-05-16 12:15:01.000,,,,,,,,
2017-05-16 12:15:02.000,,,,,,,,
2017-05-16 12:15:03.000,,,,,,,,
2017-05-16 12:15:04.000,,,,,,,,
2017-05-16 12:15:05.000,,,,,,,,
2017-05-16 12:15:06.000,,,,,,,,
2017-05-16 12:15:07.000,,,,,,,,
2017-05-16 12:15:08.000,,,,,,,,
2017-05-16 12:15:09.000,,,,,,,,
2017-05-16 12:15:10.000,,,,,,,,
2017-05-16 12:15:11.000,,,,,,,,
2017-05-16 12:15:12.000,,,,,,,,
2017-05-16 12:15:13.000,,,,,,,,
2017-05-16 12:15:14.000,,,,,,,,
2017-05-16 12:15:15.000,,,,,,,,
2017-05-16 12:15:16.000,,,,,,,,
2017-05-16 12:15:17.000,,,,,,,,
2017-05-16 12:15:18.000,,,,,,,,
2017-05-16 12:15:19.000,,,,,,,,
2017-05-16 12:15:20.000,,,,,,,,
2017-05-16 12:15:21.000,,,,,,,,
2017-05-16 12:15:22.000,,,,,,,,
2017-05-16 12:15:23.000,,,,,,,,
2017-05-16 12:15:24.000,,,,,,,,
2017-05-16 12:15:25.000,,,,,,,,
2017-05-16 12:15:26.000,,,,,,,,
2017-05-16 12:15:27.000,,,,,,,,
2017-05-16 12:15:28.000,,,,,,,,
2017-05-16 12:15:29.000,,,,,,,,
2017-05-16 12:15:30.000,,,,,,,,
2017-05-16 12:15:31.000,,,,,,,,
2017-05-16 12:15:32.000,,,,,,,,
2017-05-16 12:15:33.000,,,,,,,,
2017-05-16 12:15:34.000,,,,,,,,
2017-05-16 12:15:35.000,,,,,,,,
2017-05-16 12:15:36.000,,,,,,,,
2017-05-16 12:15:37.000,,,,,,,,
2017-05-16 12:15:38.000,,,,,,,,
2017-05-16 12:15:39.000,,,,,,,,
2017-05-16 12:15:40.000,,,,,,,,
2017-05-16 12:15:41.000,,,,,,,,
2017-05-16 12:15:42.000,,,,,,,,
2017-05-16 12:15:43.000,,,,,,,,
2017-05-16 12:15:44.000,,,,,,,,
2017-05-16 12:15:45.000,,,,,,,,
2017-05-16 12:15:46.000,,,,,,,,
2017-05-16 12:15:47.000,,,,,,,,
2017-05-16 12:15:48.000,,,,,,,,
2017-05-16 12:15:49.000,,,,,,,,
2017-05-16 12:15:50.000,,,,,,,,
2017-05-16 12:15:51.000,,,,,,,,
2017-05-16 12:15:52.000,,,,,,,,
2017-05-16 12:15:53.000,,,,,,,,
2017-05-16 12:15:54.000,,,,,,,,
2017-05-16 12:15:55.000,,,,,,,,
2017-05-16 12:15:56.000,,,,,,,,
2017-05-16 12:15:57.000,,,,,,,,
2017-05-16 12:15:58.000,,,,,,,,
2017-05-16 12:15:59.000,,,,,,,,
2017-05-16 12:16:00.000,,,,,,,,
2017-05-16 12:16:01.000,,,,,,,,
2017-05-16 12:16:02.000,,,,,,,,
2017-05-16 12:16:03.000,,,,,,,,
2017-05-16 12:16:04.000,,,,,,,,
2017-05-16 12:16:05.000,,,,,,,,
2017-05-16 12:16:06.000,,,,,,,,
2017-05-16 12:16:07.000,,,,,,,,
2017-05-16 12:16:08.000,,,,,,,,
2017-05-16 12:16:09.000,,,,,,,,
2017-05-16 12:16:10.000,,,,,,,,
2017-05-16 12:16:11.000,,,,,,,,
2017-05-16 12:16:12.000,,,,,,,,
2017-05-16 12:16:13.000,,,,,,,,
2017-05-16 12:16:14.000,,,,,,,,
2017-05-16 12:16:15.000,,,,,,,,
2017-05-16 12:16:16.000,,,,,,,,
2017-05-16 12:16:17.000,,,,,,,,
2017-05-16 12:16:18.000,,,,,,,,
2017-05-16 12:16:19.000,,,,,,,,
2017-05-16 12:16:20.000,,,,,,,,
2017-05-16 12:16:21.000,,,,,,,,
2017-05-16 12:16:22.000,,,,,,,,
2017-05-16 12:16:23.000,,,,,,,,
2017-05-16 12:16:24.000,,,,,,,,
2017-05-16 12:16:25.000,,,,,,,,
2017-05-16 12:16:26.000,,,,,,,,
2017-05-16 12:16:27.000,,,,,,,,
2017-05-16 12:16:28.000,,,,,,,,
2017-05-16 12:19:41.000,,,,,,,,
2017-05-16 12:19:42.000,,,,,,,,
2017-05-16 12:19:43.000,,,,,,,,
2017-05-16 12:19:44.000,,,,,,,,
2017-05-16 12:19:45.000,,,,,,,,
2017-05-16 12:19:46.000,,,,,,,,
2017-05-16 12:19:47.000,,,,,,,,
2017-05-16 12:19:48.000,,,,,,,,
2017-05-16 12:19:49.000,,,,,,,,
2017-05-16 12:19:50.000,,,,,,,,
2017-05-16 12:19:51.000,,,,,,,,
2017-05-16 12:19:52.000,,,,,,,,
2017-05-16 12:19:53.000,,,,,,,,
2017-05-16 12:19:54.000,,,,,,,,
2017-05-16 12:19:55.000,,,,,,,,
2017-05-16 12:19:56.000,,,,,,,,
2017-05-16 12:19:57.000,,,,,,,,
2017-05-16 12:19:58.000,,,,,,,,
2017-05-16 12:19:59.000,,,,,,,,
2017-05-16 12:20:00.000,,,,,,,,
2017-05-16 12:20:01.000,,,,,,,,
2017-05-16 12:20:02.000,,,,,,,,
2017-05-16 12:20:03.000,,,,,,,,
2017-05-16 12:20:04.000,,,,,,,,
2017-05-16 12:20:05.000,,,,,,,,
2017-05-16 12:20:06.000,,,,,,,,
2017-05-16 12:20:07.000,,,,,,,,
2017-05-16 12:20:08.000,,,,,,,,
2017-05-16 12:20:09.000,,,,,,,,
2017-05-16 12:20:10.000,,,,,,,,
2017-05-16 12:20:11.000,,,,,,,,
2017-05-16 12:20:12.000,,,,,,,,
2017-05-16 12:20:13.000,,,,,,,,
2017-05-16 12:20:14.000,,,,,,,,
2017-05-16 12:20:15.000,,,,,,,,
2017-05-16 12:20:16.000,,,,,,,,
2017-05-16 12:20:17.000,,,,,,,,
2017-05-16 12:20:18.000,,,,,,,,
2017-05-16 12:20:19.000,,,,,,,,
2017-05-16 12:20:20.000,,,,,,,,
2017-05-16 12:20:21.000,,,,,,,,
2017-05-16 12:20:22.000,,,,,,,,
2017-05-16 12:20:23.000,,,,,,,,
2017-05-16 12:20:24.000,,,,,,,,
2017-05-16 12:20:25.000,,,,,,,,
2017-05-16 12:20:26.000,,,,,,,,
2017-05-16 12:20:27.000,,,,,,,,
2017-05-16 12:20:28.000,,,,,,,,
2017-05-16 12:20:29.000,,,,,,,,
2017-05-16 12:20:30.000,,,,,,,,
2017-05-16 12:20:31.000,,,,,,,,
2017-05-16 12:20:32.000,,,,,,,,
2017-05-16 12:20:33.000,,,,,,,,
2017-05-16 12:20:34.000,,,,,,,,
2017-05-16 12:20:35.000,,,,,,,,
2017-05-16 12:20:36.000,,,,,,,,
2017-05-16 12:20:37.000,,,,,,,,
2017-05-16 12:20:38.000,,,,,,,,
2017-05-16 12:20:39.000,,,,,,,,
2017-05-16 12:20:40.000,,,,,,,,
2017-05-16 12:20:41.000,,,,,,,,
2017-05-16 12:20:42.000,,,,,,,,
2017-05-16 12:20:43.000,,,,,,,,
2017-05-16 12:20:44.000,,,,,,,,
2017-05-16 12:20:45.000,,,,,,,,
2017-05-16 12:20:46.000,,,,,,,,
2017-05-16 12:20:47.000,,,,,,,,
2017-05-16 12:20:48.000,,,,,,,,
2017-05-16 12:20:49.000,,,,,,,,
2017-05-16 12:20:50.000,,,,,,,,
2017-05-16 12:20:51.000,,,,,,,,
2017-05-16 12:20:52.000,,,,,,,,
2017-05-16 12:20:53.000,,,,,,,,
2017-05-16 12:20:54.000,,,,,,,,
2017-05-16 12:20:55.000,,,,,,,,
2017-05-16 12:20:56.000,,,,,,,,
2017-05-16 12:20:57.000,,,,,,,,
2017-05-16 12:20:58.000,,,,,,,,
2017-05-16 12:20:59.000,,,,,,,,
2017-05-16 12:21:00.000,,,,,,,,
2017-05-16 12:21:01.000,,,,,,,,
2017-05-16 12:21:02.000,,,,,,,,
2017-05-16 12:21:03.000,,,,,,,,
2017-05-16 12:21:04.000,,,,,,,,
2017-05-16 12:21:05.000,,,,,,,,
2017-05-16 12:21:06.000,,,,,,,,
2017-05-16 12:21:07.000,,,,,,,,
2017-05-16 12:21:08.000,,,,,,,,
2017-05-16 12:21:09.000,,,,,,,,
2017-05-16 12:21:10.000,,,,,,,,
2017-05-16 12:21:11.000,,,,,,,,
2017-05-16 12:21:12.000,,,,,,,,
2017-05-16 12:21:13.000,,,,,,,,
2017-05-16 12:21:14.000,,,,,,,,
2017-05-16 12:21:15.000,,,,,,,,
2017-05-16 12:21:16.000,,,,,,,,
2017-05-16 12:21:17.000,,,,,,,,
2017-05-16 12:21:18.000,,,,,,,,
2017-05-16 12:21:19.000,,,,,,,,
2017-05-16 12:21:20.000,,,,,,,,
2017-05-16 12:21:21.000,,,,,,,,
2017-05-16 12:21:22.000,,,,,,,,
2017-05-16 12:21:23.000,,,,,,,,
2017-05-16 12:21:24.000,,,,,,,,
2017-05-16 12:21:25.000,,,,,,,,
2017-05-16 12:21:26.000,,,,,,,,
2017-05-16 12:21:27.000,,,,,,,,
2017-05-16 12:21:28.000,,,,,,,,
2017-05-16 12:21:29.000,,,,,,,,
2017-05-16 12:21:30.000,,,,,,,,
2017-05-16 12:21:31.000,,,,,,,,
2017-05-16 12:21:32.000,,,,,,,,
2017-05-16 12:21:33.000,,,,,,,,
2017-05-16 12:21:34.000,,,,,,,,
2017-05-16 12:21:35.000,,,,,,,,
2017-05-16 12:21:36.000,,,,,,,,
2017-05-16 12:21:37.000,,,,,,,,
2017-05-16 12:21:38.000,,,,,,,,
2017-05-16 12:21:39.000,,,,,,,,
2017-05-16 12:21:40.000,,,,,,,,
2017-05-16 12:21:41.000,,,,,,,,
2017-05-16 12:21:42.000,,,,,,,,
2017-05-16 12:21:43.000,,,,,,,,
2017-05-16 12:21:44.000,,,,,,,,
2017-05-16 12:21:45.000,,,,,,,,
2017-05-16 12:21:46.000,,,,,,,,
2017-05-16 12:21:47.000,,,,,,,,
2017-05-16 12:21:48.000,,,,,,,,
2017-05-16 12:21:49.000,,,,,,,,
2017-05-16 12:21:50.000,,,,,,,,
2017-05-16 12:21:51.000,,,,,,,,
2017-05-16 12:21:57.000,,,,,,,,
2017-05-16 12:21:58.000,,,,,,,,
2017-05-16 12:21:59.000,,,,,,,,
2017-05-16 12:22:00.000,,,,,,,,
2017-05-16 12:22:01.000,,,,,,,,
2017-05-16 12:22:02.000,,,,,,,,
2017-05-16 12:22:03.000,,,,,,,,
2017-05-16 12:26:23.000,,,,,,,,
2017-05-16 12:26:24.000,,,,,,,,
2017-05-16 12:26:25.000,,,,,,,,
2017-05-16 12:26:26.000,,,,,,,,
2017-05-16 12:26:27.000,,,,,,,,
2017-05-16 12:26:28.000,,,,,,,,
2017-05-16 12:26:29.000,,,,,,,,
2017-05-16 12:26:30.000,,,,,,,,
2017-05-16 12:26:31.000,,,,,,,,
2017-05-16 12:26:32.000,,,,,,,,
2017-05-16 12:55:22.000,,,,,,,,
2017-05-16 12:55:23.000,,,,,,,,
2017-05-16 12:55:24.000,,,,,,,,
2017-05-16 12:55:25.000,,,,,,,,
2017-05-16 12:55:26.000,,,,,,,,
2017-05-16 12:55:27.000,,,,,,,,
2017-05-16 12:55:28.000,,,,,,,,
2017-05-16 12:55:29.000,,,,,,,,
2017-05-16 12:55:30.000,,,,,,,,
2017-05-16 12:55:31.000,,,,,,,,
2017-05-16 12:55:32.000,,,,,,,,
2017-05-16 12:55:33.000,,,,,,,,
2017-05-16 12:55:34.000,,,,,,,,
2017-05-16 12:55:35.000,,,,,,,,
2017-05-16 12:55:36.000,,,,,,,,
2017-05-16 12:55:37.000,,,,,,,,
2017-05-16 12:55:38.000,,,,,,,,
2017-05-16 12:55:39.000,,,,,,,,
2017-05-16 12:55:40.000,,,,,,,,
2017-05-16 12:55:41.000,,,,,,,,
2017-05-16 12:55:42.000,,,,,,,,
2017-05-16 12:55:43.000,,,,,,,,
2017-05-16 12:55:53.000,,,,,,,,
2017-05-16 12:55:54.000,,,,,,,,
2017-05-16 12:55:55.000,,,,,,,,
2017-05-16 12:55:56.000,,,,,,,,
2017-05-16 12:55:57.000,,,,,,,,
2017-05-16 12:55:58.000,,,,,,,,
2017-05-16 12:55:59.000,,,,,,,,
2017-05-16 12:56:00.000,,,,,,,,
2017-05-16 13:11:34.000,,,,,,,,
2017-05-16 13:11:35.000,,,,,,,,
2017-05-16 13:11:36.000,,,,,,,,
2017-05-16 13:11:37.000,,,,,,,,
2017-05-16 13:11:38.000,,,,,,,,
2017-05-16 13:11:39.000,,,,,,,,
2017-05-16 13:11:40.000,,,,,,,,
2017-05-16 13:11:41.000,,,,,,,,
2017-05-16 13:11:42.000,,,,,,,,
2017-05-16 13:15:41.000,,,,,,,,
2017-05-16 13:15:42.000,,,,,,,,
2017-05-16 13:15:43.000,,,,,,,,
2017-05-16 13:15:44.000,,,,,,,,
2017-05-16 13:15:45.000,,,,,,,,
2017-05-16 13:15:46.000,,,,,,,,
2017-05-16 13:15:47.000,,,,,,,,
2017-05-16 13:15:48.000,,,,,,,,
2017-05-16 13:15:49.000,,,,,,,,
2017-05-16 13:15:50.000,,,,,,,,
2017-05-16 13:15:51.000,,,,,,,,
2017-05-16 13:45:27.000,,,,,,,,
2017-05-16 13:45:28.000,,,,,,,,
2017-05-16 13:53:03.000,,,,,,,,
2017-05-16 13:53:04.000,,,,,,,,
2017-05-16 13:53:05.000,,,,,,,,
2017-05-16 13:53:06.000,,,,,,,,
2017-05-16 13:53:07.000,,,,,,,,
2017-05-16 13:53:08.000,,,,,,,,
2017-05-16 13:53:09.000,,,,,,,,
2017-05-16 13:53:10.000,,,,,,,,
2017-05-16 13:53:11.000,,,,,,,,
2017-05-16 13:53:12.000,,,,,,,,
2017-05-16 13:54:10.000,,,,,,,,
2017-05-16 13:54:11.000,,,,,,,,
2017-05-16 13:54:12.000,,,,,,,,
2017-05-16 13:54:13.000,,,,,,,,
2017-05-16 13:54:14.000,,,,,,,,
2017-05-16 14:27:10.000,,9919.931911229882,,,,0,,
2017-05-16 14:27:11.000,,0,,,,143.4760183863159,,
2017-05-16 14:40:13.000,,,,,,,,
2017-05-16 14:40:14.000,,,,,,,,
2017-05-16 14:40:15.000,,,,,,,,
2017-05-16 14:40:16.000,,,,,,,,
2017-05-16 14:40:17.000,,,,,,,,
2017-05-16 14:40:18.000,,,,,,,,
2017-05-16 14:40:19.000,,,,,,,,
2017-05-16 14:40:20.000,,,,,,,,
2017-05-16 14:40:21.000,,,,,,,,
2017-05-16 14:40:22.000,,,,,,,,
2017-05-16 14:40:23.000,,,,,,,,
2017-05-16 14:40:24.000,,,,,,,,
2017-05-16 14:40:25.000,,,,,,,,
2017-05-16 14:40:26.000,,,,,,,,
2017-05-16 14:40:27.000,,,,,,,,
2017-05-16 14:40:28.000,,,,,,,,
2017-05-16 14:40:29.000,,,,,,,,
2017-05-16 14:40:30.000,,,,,,,,
2017-05-16 14:40:31.000,,,,,,,,
2017-05-16 14:40:32.000,,,,,,,,
2017-05-16 14:40:33.000,,,,,,,,
2017-05-16 14:40:34.000,,,,,,,,
2017-05-16 14:40:35.000,,,,,,,,
2017-05-16 14:40:36.000,,,,,,,,
2017-05-16 14:40:37.000,,,,,,,,
2017-05-16 14:40:38.000,,,,,,,,
2017-05-16 14:40:39.000,,,,,,,,
2017-05-16 14:40:40.000,,,,,,,,
2017-05-16 14:40:41.000,,,,,,,,
2017-05-16 14:40:42.000,,,,,,,,
2017-05-16 14:40:43.000,,,,,,,,
2017-05-16 14:40:44.000,,,,,,,,
2017-05-16 14:40:45.000,,,,,,,,
2017-05-16 14:40:46.000,,,,,,,,
2017-05-16 14:40:47.000,,,,,,,,
2017-05-16 14:40:48.000,,,,,,,,
2017-05-16 14:40:49.000,,,,,,,,
2017-05-16 14:40:50.000,,,,,,,,
2017-05-16 14:40:51.000,,,,,,,,
2017-05-16 14:40:52.000,,,,,,,,
2017-05-16 14:45:28.000,,,,,,,,
2017-05-16 14:45:29.000,,,,,,,,
2017-05-16 14:45:30.000,,,,,,,,
2017-05-16 14:45:31.000,,,,,,,,
2017-05-16 14:45:32.000,,,,,,,,
2017-05-16 14:45:33.000,,,,,,,,
2017-05-16 14:45:34.000,,,,,,,,
2017-05-16 14:45:35.000,,,,,,,,
2017-05-16 14:45:36.000,,,,,,,,
2017-05-16 14:45:37.000,,,,,,,,
2017-05-16 14:45:38.000,,,,,,,,
2017-05-16 14:45:39.000,,,,,,,,
2017-05-16 14:45:40.000,,,,,,,,
2017-05-16 14:45:41.000,,,,,,,,
2017-05-16 14:45:42.000,,,,,,,,
2017-05-16 14:45:43.000,,,,,,,,
2017-05-16 14:45:44.000,,,,,,,,
2017-05-16 14:45:45.000,,,,,,,,
2017-05-16 14:45:46.000,,,,,,,,
2017-05-16 14:45:47.000,,,,,,,,
2017-05-16 14:45:48.000,,,,,,,,
2017-05-16 14:45:49.000,,,,,,,,
2017-05-16 14:45:50.000,,,,,,,,
2017-05-16 14:45:51.000,,,,,,,,
2017-05-16 14:45:52.000,,,,,,,,
2017-05-16 14:45:53.000,,,,,,,,
2017-05-16 14:59:29.000,,9918.497151046018,,,,0,,
2017-05-16 14:59:30.000,,19836.994302092036,,,,-143.4552668649988,,
2017-05-16 14:59:31.000,,,,,,,,
2017-05-16 14:59:32.000,,,,,,,,
2017-05-16 14:59:33.000,,,,,,,,
2017-05-16 14:59:34.000,,,,,,,,
2017-05-16 14:59:35.000,,,,,,,,
2017-05-16 14:59:36.000,,,,,,,,
2017-05-16 14:59:37.000,,,,,,,,
2017-05-16 14:59:38.000,,,,,,,,
2017-05-16 14:59:39.000,,,,,,,,
2017-05-16 14:59:40.000,,,,,,,,
2017-05-16 14:59:41.000,,,,,,,,
2017-05-16 14:59:42.000,,,,,,,,
2017-05-16 14:59:43.000,,,,,,,,
2017-05-16 14:59:44.000,,,,,,,,
2017-05-16 14:59:45.000,,,,,,,,
2017-05-16 14:59:46.000,,,,,,,,
2017-05-16 14:59:47.000,,,,,,,,
2017-05-16 14:59:48.000,,,,,,,,
2017-05-16 14:59:49.000,,,,,,,,
2017-05-16 14:59:50.000,,,,,,,,
2017-05-16 14:59:51.000,,,,,,,,
2017-05-16 14:59:52.000,,,,,,,,
2017-05-16 14:59:53.000,,,,,,,,
2017-05-16 14:59:54.000,,,,,,,,
2017-05-16 14:59:55.000,,,,,,,,
2017-05-16 14:59:56.000,,,,,,,,
2017-05-16 14:59:57.000,,,,,,,,
2017-05-16 14:59:58.000,,,,,,,,
2017-05-16 14:59:59.000,,,,,,,,
2017-05-16 15:00:00.000,,,,,,,,
2017-05-16 15:00:01.000,,,,,,,,
2017-05-16 15:00:02.000,,,,,,,,
2017-05-16 15:00:03.000,,,,,,,,
2017-05-16 15:00:04.000,,,,,,,,
2017-05-16 15:00:05.000,,,,,,,,
2017-05-16 15:00:06.000,,,,,,,,
2017-05-16 15:00:07.000,,,,,,,,
2017-05-16 15:00:08.000,,,,,,,,
2017-05-16 15:00:09.000,,,,,,,,
2017-05-16 15:00:10.000,,,,,,,,
2017-05-16 15:00:11.000,,,,,,,,
2017-05-16 15:00:12.000,,,,,,,,
2017-05-16 15:00:13.000,,,,,,,,
2017-05-16 15:00:14.000,,,,,,,,
2017-05-16 15:00:15.000,,,,,,,,
2017-05-16 15:00:16.000,,,,,,,,
2017-05-16 15:00:17.000,,,,,,,,
2017-05-16 15:00:18.000,,,,,,,,
2017-05-16 15:00:19.000,,,,,,,,
2017-05-16 15:00:20.000,,,,,,,,
2017-05-16 15:17:11.000,,,,,,,,
2017-05-16 15:17:12.000,,,,,,,,
2017-05-16 15:17:13.000,,,,,,,,
2017-05-16 15:17:14.000,,,,,,,,
2017-05-16 15:17:15.000,,,,,,,,
2017-05-16 15:17:16.000,,,,,,,,
2017-05-16 15:17:17.000,,,,,,,,
2017-05-16 15:17:18.000,,,,,,,,
2017-05-16 15:17:19.000,,,,,,,,
2017-05-16 15:17:20.000,,,,,,,,
2017-05-16 15:20:54.000,,,,,,,,
2017-05-16 15:20:55.000,,,,,,,,
2017-05-16 15:20:56.000,,,,,,,,
2017-05-16 15:20:57.000,,,,,,,,
2017-05-16 15:20:58.000,,,,,,,,
2017-05-16 15:20:59.000,,,,,,,,
2017-05-16 15:21:00.000,,,,,,,,
2017-05-16 15:22:13.000,,,,,,,,
2017-05-16 15:25:55.000,,9915.62804570872,,,,0,,
2017-05-16 15:25:56.000,,0,,,,143.37229678584038,,
2017-05-16 15:25:57.000,,,,,,,,
2017-05-16 15:25:58.000,,,,,,,,
2017-05-16 15:25:59.000,,,,,,,,
2017-05-16 15:26:00.000,,,,,,,,
2017-05-16 15:26:01.000,,,,,,,,
2017-05-16 15:26:02.000,,,,,,,,
2017-05-16 15:26:03.000,,,,,,,,
2017-05-16 15:26:04.000,,,,,,,,
2017-05-16 15:26:05.000,,,,,,,,
2017-05-16 15:26:06.000,,,,,,,,
2017-05-16 15:26:07.000,,,,,,,,
2017-05-16 15:26:08.000,,,,,,,,
2017-05-16 15:26:09.000,,,,,,,,
2017-05-16 15:26:10.000,,,,,,,,
2017-05-16 15:26:11.000,,,,,,,,
2017-05-16 15:26:12.000,,,,,,,,
2017-05-16 15:26:13.000,,,,,,,,
2017-05-16 15:26:14.000,,,,,,,,
2017-05-16 15:26:15.000,,,,,,,,
2017-05-16 15:26:16.000,,,,,,,,
2017-05-16 15:26:17.000,,,,,,,,
2017-05-16 15:26:18.000,,,,,,,,
2017-05-16 15:26:19.000,,,,,,,,
2017-05-16 15:26:20.000,,,,,,,,
2017-05-16 15:26:21.000,,,,,,,,
2017-05-16 15:37:52.000,,9922.796660548012,,,,0,,
2017-05-16 15:37:53.000,,19845.593321096025,,,,-143.37229678584038,,
2017-05-16 15:37:54.000,,,,,,,,
2017-05-16 15:37:55.000,,,,,,,,
2017-05-16 15:37:56.000,,,,,,,,
2017-05-16 15:37:57.000,,,,,,,,
2017-05-16 15:37:58.000,,,,,,,,
2017-05-16 15:37:59.000,,,,,,,,
2017-05-16 15:38:00.000,,,,,,,,
2017-05-16 15:38:01.000,,,,,,,,
2017-05-16 15:38:02.000,,,,,,,,
2017-05-16 15:38:03.000,,,,,,,,
2017-05-16 15:38:04.000,,,,,,,,
2017-05-16 15:38:05.000,,,,,,,,
2017-05-16 15:38:06.000,,,,,,,,
2017-05-16 15:38:07.000,,,,,,,,
2017-05-16 15:38:08.000,,,,,,,,
2017-05-16 15:38:09.000,,,,,,,,
2017-05-16 15:38:10.000,,,,,,,,
2017-05-16 15:38:11.000,,,,,,,,
2017-05-16 15:38:12.000,,,,,,,,
2017-05-16 15:38:13.000,,,,,,,,
2017-05-16 15:38:14.000,,,,,,,,
2017-05-16 15:38:15.000,,,,,,,,
2017-05-16 10:07:25.900,,,,,,,,
2017-05-16 10:17:46.900,,,,10018.969794250692,,,,0
2017-05-16 10:25:45.900,,,,,,,,
2017-05-16 10:50:20.900,,,,,,,,
2017-05-16 10:56:16.900,,,,10030.687887577302,,,,0
2017-05-16 11:01:46.900,,,,,,,,
2017-05-16 11:01:54.900,,,,,,,,
2017-05-16 11:02:48.900,,,,,,,,
2017-05-16 11:14:01.900,,,,,,,,
2017-05-16 11:27:49.900,,,,,,,,
2017-05-16 11:37:06.900,,,,9995.533607597476,,,,0
2017-05-16 11:37:56.900,,,,,,,,
2017-05-16 11:45:14.900,,,,,,,,
2017-05-16 11:49:58.900,,,,9998.44266860085,,,,0
2017-05-16 11:50:44.900,,,,,,,,
2017-05-16 12:13:57.900,,,,,,,,
2017-05-16 12:16:28.900,,,,,,,,
2017-05-16 12:21:51.900,,,,,,,,
2017-05-16 12:22:03.900,,,,,,,,
2017-05-16 12:26:32.900,,,,,,,,
2017-05-16 12:55:43.900,,,,,,,,
2017-05-16 12:56:00.900,,,,,,,,
2017-05-16 13:11:42.900,,,,,,,,
2017-05-16 13:15:51.900,,,,,,,,
2017-05-16 13:45:28.900,,,,,,,,
2017-05-16 13:53:12.900,,,,,,,,
2017-05-16 13:54:14.900,,,,,,,,
2017-05-16 14:27:11.900,,,0,,,,143.4761329352933,
2017-05-16 14:40:52.900,,,,,,,,
2017-05-16 14:45:53.900,,,,,,,,
2017-05-16 15:00:20.900,,,9917.070308487473,9934.495071212552,,,0,0
2017-05-16 15:17:20.900,,,19834.140616974946,,,,-143.39315078784665,
2017-05-16 15:21:00.900,,,,,,,,
2017-05-16 15:22:13.900,,,,,,,,
2017-05-16 15:26:21.900,,,9915.636376979593,9927.308659847382,,,0,0
2017-05-16 15:38:15.900,,,19831.272753959187,9933.049477346209,,,-143.26883943042327,0
2017-05-16 10:07:27.900,,,,20000,,,,-145.92149423610098
2017-05-16 10:07:28.900,,,,,,,,
2017-05-16 10:07:29.900,,,,,,,,
2017-05-16 10:07:30.900,,,,,,,,
2017-05-16 10:07:31.900,,,,,,,,
2017-05-16 10:07:32.900,,,,,,,,
2017-05-16 10:07:33.900,,,,,,,,
2017-05-16 10:07:34.900,,,,,,,,
2017-05-16 10:17:47.900,,,,10018.969794250692,,,,0
2017-05-16 10:17:48.900,,,,0,,,,146.47616658261245
2017-05-16 10:17:49.900,,,,,,,,
2017-05-16 10:17:50.900,,,,,,,,
2017-05-16 10:17:51.900,,,,,,,,
2017-05-16 10:17:52.900,,,,,,,,
2017-05-16 10:17:53.900,,,,,,,,
2017-05-16 10:17:54.900,,,,,,,,
2017-05-16 10:17:55.900,,,,,,,,
2017-05-16 10:25:46.900,,,,,,,,
2017-05-16 10:25:47.900,,,,,,,,
2017-05-16 10:25:48.900,,,,,,,,
2017-05-16 10:25:49.900,,,,,,,,
2017-05-16 10:25:50.900,,,,,,,,
2017-05-16 10:25:51.900,,,,,,,,
2017-05-16 10:25:52.900,,,,,,,,
2017-05-16 10:25:53.900,,,,,,,,
2017-05-16 10:25:54.900,,,,,,,,
2017-05-16 10:50:21.900,,,,,,,,
2017-05-16 10:50:22.900,,,,,,,,
2017-05-16 10:50:23.900,,,,,,,,
2017-05-16 10:50:24.900,,,,,,,,
2017-05-16 10:50:25.900,,,,,,,,
2017-05-16 10:50:26.900,,,,,,,,
2017-05-16 10:50:27.900,,,,,,,,
2017-05-16 10:50:28.900,,,,,,,,
2017-05-16 10:50:29.900,,,,,,,,
2017-05-16 10:56:17.900,,,,10030.687887577302,,,,0
2017-05-16 10:56:18.900,,,,20061.375775154604,,,,-146.47616658261245
2017-05-16 10:56:19.900,,,,,,,,
2017-05-16 10:56:20.900,,,,,,,,
2017-05-16 10:56:21.900,,,,,,,,
2017-05-16 10:56:22.900,,,,,,,,
2017-05-16 10:56:23.900,,,,,,,,
2017-05-16 10:56:24.900,,,,,,,,
2017-05-16 10:56:25.900,,,,,,,,
2017-05-16 11:01:55.900,,,,,,,,
2017-05-16 11:01:59.900,,,,,,,,
2017-05-16 11:02:00.900,,,,,,,,
2017-05-16 11:02:01.900,,,,,,,,
2017-05-16 11:02:02.900,,,,,,,,
2017-05-16 11:02:03.900,,,,,,,,
2017-05-16 11:02:49.900,,,,,,,,
2017-05-16 11:02:50.900,,,,,,,,
2017-05-16 11:02:51.900,,,,,,,,
2017-05-16 11:02:52.900,,,,,,,,
2017-05-16 11:02:53.900,,,,,,,,
2017-05-16 11:02:54.900,,,,,,,,
2017-05-16 11:02:55.900,,,,,,,,
2017-05-16 11:02:56.900,,,,,,,,
2017-05-16 11:02:57.900,,,,,,,,
2017-05-16 11:14:02.900,,,,,,,,
2017-05-16 11:14:03.900,,,,,,,,
2017-05-16 11:14:04.900,,,,,,,,
2017-05-16 11:14:05.900,,,,,,,,
2017-05-16 11:14:06.900,,,,,,,,
2017-05-16 11:14:07.900,,,,,,,,
2017-05-16 11:14:08.900,,,,,,,,
2017-05-16 11:14:09.900,,,,,,,,
2017-05-16 11:14:10.900,,,,,,,,
2017-05-16 11:27:58.900,,,,,,,,
2017-05-16 11:37:07.900,,,,9995.533607597476,,,,0
2017-05-16 11:37:08.900,,,,0,,,,145.4530501687642
2017-05-16 11:37:09.900,,,,,,,,
2017-05-16 11:37:10.900,,,,,,,,
2017-05-16 11:37:11.900,,,,,,,,
2017-05-16 11:37:12.900,,,,,,,,
2017-05-16 11:37:13.900,,,,,,,,
2017-05-16 11:37:14.900,,,,,,,,
2017-05-16 11:37:15.900,,,,,,,,
2017-05-16 11:37:58.900,,,,,,,,
2017-05-16 11:37:59.900,,,,,,,,
2017-05-16 11:38:00.900,,,,,,,,
2017-05-16 11:38:01.900,,,,,,,,
2017-05-16 11:38:02.900,,,,,,,,
2017-05-16 11:38:03.900,,,,,,,,
2017-05-16 11:38:04.900,,,,,,,,
2017-05-16 11:38:05.900,,,,,,,,
2017-05-16 11:45:15.900,,,,,,,,
2017-05-16 11:45:16.900,,,,,,,,
2017-05-16 11:45:17.900,,,,,,,,
2017-05-16 11:45:18.900,,,,,,,,
2017-05-16 11:45:19.900,,,,,,,,
2017-05-16 11:45:20.900,,,,,,,,
2017-05-16 11:45:21.900,,,,,,,,
2017-05-16 11:45:22.900,,,,,,,,
2017-05-16 11:45:23.900,,,,,,,,
2017-05-16 11:49:59.900,,,,9998.44266860085,,,,0
2017-05-16 11:50:00.900,,,,19996.8853372017,,,,-145.4530501687642
2017-05-16 11:50:01.900,,,,,,,,
2017-05-16 11:50:02.900,,,,,,,,
2017-05-16 11:50:03.900,,,,,,,,
2017-05-16 11:50:04.900,,,,,,,,
2017-05-16 11:50:05.900,,,,,,,,
2017-05-16 11:50:06.900,,,,,,,,
2017-05-16 11:50:07.900,,,,,,,,
2017-05-16 11:50:45.900,,,,,,,,
2017-05-16 11:50:46.900,,,,,,,,
2017-05-16 11:50:47.900,,,,,,,,
2017-05-16 11:50:48.900,,,,,,,,
2017-05-16 11:50:49.900,,,,,,,,
2017-05-16 11:50:50.900,,,,,,,,
2017-05-16 11:50:51.900,,,,,,,,
2017-05-16 11:50:52.900,,,,,,,,
2017-05-16 11:50:53.900,,,,,,,,
2017-05-16 12:13:58.900,,,,,,,,
2017-05-16 12:13:59.900,,,,,,,,
2017-05-16 12:14:00.900,,,,,,,,
2017-05-16 12:14:01.900,,,,,,,,
2017-05-16 12:14:02.900,,,,,,,,
2017-05-16 12:14:03.900,,,,,,,,
2017-05-16 12:14:04.900,,,,,,,,
2017-05-16 12:14:05.900,,,,,,,,
2017-05-16 12:14:06.900,,,,,,,,
2017-05-16 12:16:29.900,,,,,,,,
2017-05-16 12:16:30.900,,,,,,,,
2017-05-16 12:16:31.900,,,,,,,,
2017-05-16 12:16:32.900,,,,,,,,
2017-05-16 12:16:33.900,,,,,,,,
2017-05-16 12:16:34.900,,,,,,,,
2017-05-16 12:16:35.900,,,,,,,,
2017-05-16 12:16:36.900,,,,,,,,
2017-05-16 12:16:37.900,,,,,,,,
2017-05-16 12:21:52.900,,,,,,,,
2017-05-16 12:21:53.900,,,,,,,,
2017-05-16 12:21:54.900,,,,,,,,
2017-05-16 12:21:55.900,,,,,,,,
2017-05-16 12:22:06.900,,,,,,,,
2017-05-16 12:22:07.900,,,,,,,,
2017-05-16 12:22:08.900,,,,,,,,
2017-05-16 12:22:09.900,,,,,,,,
2017-05-16 12:22:10.900,,,,,,,,
2017-05-16 12:22:11.900,,,,,,,,
2017-05-16 12:22:12.900,,,,,,,,
2017-05-16 12:26:33.900,,,,,,,,
2017-05-16 12:26:34.900,,,,,,,,
2017-05-16 12:26:35.900,,,,,,,,
2017-05-16 12:26:36.900,,,,,,,,
2017-05-16 12:26:37.900,,,,,,,,
2017-05-16 12:26:38.900,,,,,,,,
2017-05-16 12:26:39.900,,,,,,,,
2017-05-16 12:26:40.900,,,,,,,,
2017-05-16 12:26:41.900,,,,,,,,
2017-05-16 12:55:44.900,,,,,,,,
2017-05-16 12:55:45.900,,,,,,,,
2017-05-16 12:55:46.900,,,,,,,,
2017-05-16 12:55:47.900,,,,,,,,
2017-05-16 12:55:48.900,,,,,,,,
2017-05-16 12:55:49.900,,,,,,,,
2017-05-16 12:55:50.900,,,,,,,,
2017-05-16 12:55:51.900,,,,,,,,
2017-05-16 12:56:02.900,,,,,,,,
2017-05-16 12:56:03.900,,,,,,,,
2017-05-16 12:56:04.900,,,,,,,,
2017-05-16 12:56:05.900,,,,,,,,
2017-05-16 12:56:06.900,,,,,,,,
2017-05-16 12:56:07.900,,,,,,,,
2017-05-16 12:56:08.900,,,,,,,,
2017-05-16 12:56:09.900,,,,,,,,
2017-05-16 13:11:43.900,,,,,,,,
2017-05-16 13:11:44.900,,,,,,,,
2017-05-16 13:11:45.900,,,,,,,,
2017-05-16 13:11:46.900,,,,,,,,
2017-05-16 13:11:47.900,,,,,,,,
2017-05-16 13:11:48.900,,,,,,,,
2017-05-16 13:11:49.900,,,,,,,,
2017-05-16 13:11:50.900,,,,,,,,
2017-05-16 13:11:51.900,,,,,,,,
2017-05-16 13:15:52.900,,,,,,,,
2017-05-16 13:15:53.900,,,,,,,,
2017-05-16 13:15:54.900,,,,,,,,
2017-05-16 13:15:55.900,,,,,,,,
2017-05-16 13:15:56.900,,,,,,,,
2017-05-16 13:15:57.900,,,,,,,,
2017-05-16 13:15:58.900,,,,,,,,
2017-05-16 13:15:59.900,,,,,,,,
2017-05-16 13:16:00.900,,,,,,,,
2017-05-16 13:45:36.900,,,,,,,,
2017-05-16 13:45:37.900,,,,,,,,
2017-05-16 13:53:13.900,,,,,,,,
2017-05-16 13:53:14.900,,,,,,,,
2017-05-16 13:53:15.900,,,,,,,,
2017-05-16 13:53:16.900,,,,,,,,
2017-05-16 13:53:17.900,,,,,,,,
2017-05-16 13:53:18.900,,,,,,,,
2017-05-16 13:53:19.900,,,,,,,,
2017-05-16 13:53:20.900,,,,,,,,
2017-05-16 13:53:21.900,,,,,,,,
2017-05-16 13:54:19.900,,,,,,,,
2017-05-16 13:54:20.900,,,,,,,,
2017-05-16 13:54:21.900,,,,,,,,
2017-05-16 13:54:22.900,,,,,,,,
2017-05-16 13:54:23.900,,,,,,,,
2017-05-16 14:27:19.900,,,,9938.806918031654,,,,0
2017-05-16 14:27:20.900,,,,0,,,,143.72822730342233
2017-05-16 14:40:53.900,,,,,,,,
2017-05-16 14:40:54.900,,,,,,,,
2017-05-16 14:40:55.900,,,,,,,,
2017-05-16 14:40:56.900,,,,,,,,
2017-05-16 14:40:57.900,,,,,,,,
2017-05-16 14:40:58.900,,,,,,,,
2017-05-16 14:40:59.900,,,,,,,,
2017-05-16 14:41:00.900,,,,,,,,
2017-05-16 14:41:01.900,,,,,,,,
2017-05-16 14:45:54.900,,,,,,,,
2017-05-16 14:45:55.900,,,,,,,,
2017-05-16 14:45:56.900,,,,,,,,
2017-05-16 14:45:57.900,,,,,,,,
2017-05-16 14:45:58.900,,,,,,,,
2017-05-16 14:45:59.900,,,,,,,,
2017-05-16 14:46:00.900,,,,,,,,
2017-05-16 14:46:01.900,,,,,,,,
2017-05-16 14:46:02.900,,,,,,,,
2017-05-16 15:00:21.900,,,,9934.495071212552,,,,0
2017-05-16 15:00:22.900,,,,19868.990142425104,,,,-143.72822730342233
2017-05-16 15:00:23.900,,,,,,,,
2017-05-16 15:00:24.900,,,,,,,,
2017-05-16 15:00:25.900,,,,,,,,
2017-05-16 15:00:26.900,,,,,,,,
2017-05-16 15:00:27.900,,,,,,,,
2017-05-16 15:00:28.900,,,,,,,,
2017-05-16 15:00:29.900,,,,,,,,
2017-05-16 15:17:21.900,,,,,,,,
2017-05-16 15:17:22.900,,,,,,,,
2017-05-16 15:17:23.900,,,,,,,,
2017-05-16 15:17:24.900,,,,,,,,
2017-05-16 15:17:25.900,,,,,,,,
2017-05-16 15:17:26.900,,,,,,,,
2017-05-16 15:17:27.900,,,,,,,,
2017-05-16 15:17:28.900,,,,,,,,
2017-05-16 15:17:29.900,,,,,,,,
2017-05-16 15:21:03.900,,,,,,,,
2017-05-16 15:21:04.900,,,,,,,,
2017-05-16 15:21:05.900,,,,,,,,
2017-05-16 15:21:06.900,,,,,,,,
2017-05-16 15:21:07.900,,,,,,,,
2017-05-16 15:21:08.900,,,,,,,,
2017-05-16 15:21:09.900,,,,,,,,
2017-05-16 15:22:22.900,,,,,,,,
2017-05-16 15:26:22.900,,,,9927.308659847382,,,,0
2017-05-16 15:26:23.900,,,,0,,,,143.52043747068646
2017-05-16 15:26:24.900,,,,,,,,
2017-05-16 15:26:25.900,,,,,,,,
2017-05-16 15:26:26.900,,,,,,,,
2017-05-16 15:26:27.900,,,,,,,,
2017-05-16 15:26:28.900,,,,,,,,
2017-05-16 15:26:29.900,,,,,,,,
2017-05-16 15:26:30.900,,,,,,,,
2017-05-16 15:38:16.900,,,,9931.614272971503,,,,0
2017-05-16 15:38:17.900,,,,19863.228545943006,,,,-143.52043747068646
2017-05-16 15:38:18.900,,,,,,,,
2017-05-16 15:38:19.900,,,,,,,,
2017-05-16 15:38:20.900,,,,,,,,
2017-05-16 15:38:21.900,,,,,,,,
2017-05-16 15:38:22.900,,,,,,,,
2017-05-16 15:38:23.900,,,,,,,,
2017-05-16 15:38:24.900,,,,,,,,
